names,scores,logfoldchanges,pvals,pvals_adj,pct_nz_group,Significant
Mir6236,22.065897,2.540011,6.722238274676455e-108,1.9138548479917601e-103,1.0,Significant
Rn18s-rs5,20.76955,1.49728,8.162033643241003e-96,9.295087153595719e-92,1.0,Significant
Taco1,15.841259,4.670109,1.6155336101216762e-56,1.5331683215656396e-52,0.7126865671641791,Significant
Camk1d,10.249566,1.1311195,1.1887560029175531e-24,2.9429980679186257e-21,0.9514925373134329,Significant
Slit3,9.478762,2.4579968,2.5731788549654042e-21,5.052392316571899e-18,0.5634328358208955,Significant
Ebf1,7.7521896,1.6013752,9.032149150201505e-15,1.0714575099200498e-11,0.6753731343283582,Significant
Npr3,6.602333,2.5946074,4.047366877744862e-11,3.408929486246402e-08,0.3694029850746269,Significant
Naaladl2,6.591112,2.729034,4.3654430142393556e-11,3.568780226620917e-08,0.35074626865671643,Significant
Fam13a,5.9696345,1.381093,2.3778533042984497e-09,1.471710271739761e-06,0.5410447761194029,Significant
Zbtb16,5.333237,1.2053118,9.647723483079526e-08,4.577925190416927e-05,0.5373134328358209,Significant
Mageb18,5.274172,4.2835855,1.3335676431662646e-07,6.0265615213912915e-05,0.23880597014925373,Significant
Eepd1,4.9387717,1.6031009,7.861622944884115e-07,0.0003066086795237304,0.3843283582089552,Significant
Cdk8,4.9266872,1.0503483,8.363543495480465e-07,0.0003217760339028062,0.5149253731343284,Significant
Hexb,4.699429,1.4569522,2.608900988254328e-06,0.0008049330081014627,0.3843283582089552,Significant
Sgcd,4.1354136,1.0145067,3.5431600771195656e-05,0.007911806978480988,0.4626865671641791,Significant
Auts2,4.0638943,1.0204508,4.826068293495719e-05,0.010330870477441344,0.44776119402985076,Significant
Fmnl2,3.981154,1.5001549,6.858149929863077e-05,0.01354755089458841,0.3283582089552239,Significant
Acly,-3.5833592,-1.6076609,0.0003392036496262307,0.049397941210657804,0.07835820895522388,Significant
Lman2,-3.5882916,-1.8686656,0.0003328519551842685,0.04859723892345495,0.048507462686567165,Significant
Mettl7a1,-3.5993893,-3.1443367,0.0003189653023894492,0.046689468594749685,0.014925373134328358,Significant
Plxna4,-3.6034586,-1.3730183,0.000314010830913496,0.04608270804908601,0.1044776119402985,Significant
Ap2b1,-3.6046917,-1.0311186,0.0003125237588558813,0.045982985408301646,0.17537313432835822,Significant
Pepd,-3.6177623,-1.3085274,0.0002971609982067985,0.044064178122118006,0.11194029850746269,Significant
Rpl35a,-3.6178858,-2.6653368,0.0002970194936690203,0.044064178122118006,0.033582089552238806,Significant
Rhoh,-3.619982,-1.3191335,0.00029462355172375597,0.04391664832121044,0.10074626865671642,Significant
Pnpla3,-3.6213384,-1.4528348,0.0002930828959649285,0.043885259525913836,0.10820895522388059,Significant
Gm2245,-3.6226947,-2.7144086,0.0002915497893183574,0.043885259525913836,0.033582089552238806,Significant
Snhg7,-3.6270106,-3.9502954,0.0002867215542119494,0.043305602170776156,0.007462686567164179,Significant
Hnrnpa0,-3.6302166,-2.2876666,0.00028318347000487985,0.0428849733126273,0.03731343283582089,Significant
Rpl18a,-3.6320662,-3.6144862,0.0002811609184571184,0.042692223620978076,0.014925373134328358,Significant
Rpl22,-3.6418076,-2.0006254,0.0002707303271418288,0.04121833036840341,0.05223880597014925,Significant
Rpl26,-3.6434107,-3.0069816,0.0002690490530997476,0.04107217729906898,0.018656716417910446,Significant
Fam111a,-3.6468632,-1.4559216,0.0002654610324504844,0.04063337808807267,0.10074626865671642,Significant
Cpeb4,-3.6559882,-1.0963563,0.0002561931510927351,0.03932046958590682,0.13805970149253732,Significant
Cfl1,-3.6574678,-2.2903953,0.0002547191511691832,0.039199900504660705,0.041044776119402986,Significant
Blnk,-3.6574678,-1.6508213,0.0002547191511691832,0.039199900504660705,0.07462686567164178,Significant
Angptl4,-3.6652365,-2.690551,0.00024711025460039733,0.03844454920000334,0.029850746268656716,Significant
Arglu1,-3.6744845,-1.0554725,0.00023833007699137002,0.0372160708350467,0.15298507462686567,Significant
Purb,-3.6762109,-1.1299868,0.00023672387805622714,0.037133042260054074,0.13432835820895522,Significant
Hspa4,-3.6808965,-1.1593124,0.0002324152445955247,0.036659159120536765,0.13805970149253732,Significant
Rab31,-3.6887884,-1.125061,0.00022532453385944116,0.035639456340251216,0.15298507462686567,Significant
Tmed2,-3.6943374,-1.5873159,0.00022046101329347513,0.03496732745945339,0.06716417910447761,Significant
Mfhas1,-3.7112305,-1.5106984,0.0002062540882547707,0.032989646177850836,0.09328358208955224,Significant
Rpl30,-3.712587,-2.2220883,0.00020515149525316166,0.032905721947071205,0.048507462686567165,Significant
Oip5os1,-3.7128336,-1.2440401,0.0002049516195933706,0.032905721947071205,0.11194029850746269,Significant
Gm15261,-3.7175193,-4.528502,0.00020118856281492182,0.03245291205451689,0.007462686567164179,Significant
Fyco1,-3.7180126,-1.838564,0.00020079624991411378,0.03245291205451689,0.0708955223880597,Significant
Fam168b,-3.7224517,-1.2319957,0.00019729763298065116,0.03208489134249847,0.1044776119402985,Significant
Psma3,-3.7308366,-1.307278,0.00019084486766046238,0.031226717268547092,0.12313432835820895,Significant
Timp2,-3.734043,-2.136845,0.0001884304678211313,0.03092051662306351,0.05223880597014925,Significant
Dhrs3,-3.7476068,-1.131726,0.00017852985224215106,0.0295513613852335,0.1455223880597015,Significant
Slc38a2,-3.7525392,-1.2362932,0.00017505250020400547,0.029060246105295263,0.11194029850746269,Significant
Lgals3,-3.7534022,-1.7689811,0.00017445055090574074,0.029044996547145565,0.0708955223880597,Significant
Ctss,-3.7538955,-1.1919914,0.00017410745443426317,0.029044996547145565,0.15671641791044777,Significant
Tut7,-3.754512,-1.0034055,0.00017367947622826455,0.029044996547145565,0.17537313432835822,Significant
Tmem176b,-3.7638836,-3.2118883,0.00016729480976097327,0.028100099594689024,0.026119402985074626,Significant
Atp6v0c,-3.7679527,-3.0337024,0.00016459184603766593,0.02772788255985425,0.026119402985074626,Significant
mt-Nd3,-3.768076,-2.2825766,0.00016451058302503584,0.02772788255985425,0.041044776119402986,Significant
Rps15a,-3.7686925,-2.048949,0.000164104833872226,0.02772788255985425,0.048507462686567165,Significant
4732471J01Rik,-3.771652,-1.7129861,0.00016217031050373273,0.02756459597132252,0.0708955223880597,Significant
Arhgdib,-3.788792,-1.7409685,0.00015138160936770288,0.02580784496708494,0.06716417910447761,Significant
Rps28,-3.7908883,-2.3637414,0.00015010950340029903,0.025667823522872155,0.03731343283582089,Significant
Rpl27a,-3.7924912,-3.5618877,0.00014914351433329966,0.025579460390519324,0.018656716417910446,Significant
Rpl41,-3.8065484,-1.7689582,0.00014091968893511017,0.024242018150012413,0.07462686567164178,Significant
Sirpa,-3.811111,-1.1153908,0.00013834368376177916,0.02387099302145293,0.16791044776119404,Significant
Zfp950,-3.8125906,-1.2604825,0.00013751779338691008,0.02380060994907005,0.11194029850746269,Significant
Manf,-3.8196192,-6.3689737,0.00013365784892180424,0.023203084071513582,0.0037313432835820895,Significant
Adrb3,-3.8204825,-1.0297116,0.00013319092153585266,0.023192734749764486,0.1865671641791045,Significant
Capza2,-3.8233185,-1.0160682,0.00013166752977312256,0.02299779390432936,0.1791044776119403,Significant
Mrap,-3.8329365,-2.5127008,0.00012662260272548766,0.022184669605513824,0.04477611940298507,Significant
C3,-3.8331833,-2.5236259,0.00012649567340944758,0.022184669605513824,0.033582089552238806,Significant
Aldh1a2,-3.834663,-2.1427107,0.00012573661242581207,0.022176968722442264,0.055970149253731345,Significant
Pck1,-3.8418148,-1.3877735,0.00012212795641959142,0.021663825440772447,0.13432835820895522,Significant
Vim,-3.8435411,-1.2365537,0.00012127164923073482,0.021579153058897724,0.13432835820895522,Significant
Pxn,-3.8463774,-1.3866227,0.00011987713642211868,0.021397880956150032,0.10074626865671642,Significant
H2-DMb1,-3.8541458,-1.9395443,0.00011613440888488921,0.020860597401622955,0.06343283582089553,Significant
Safb2,-3.8742452,-1.625894,0.0001069557275647717,0.019457399627046856,0.08208955223880597,Significant
Mpeg1,-3.8783143,-1.9366585,0.00010518277362179275,0.019196193310251606,0.06343283582089553,Significant
Srsf6,-3.8795474,-1.2903496,0.00010465101429878679,0.019160557572949256,0.12686567164179105,Significant
Sdcbp,-3.8920016,-1.3032047,9.942059262105128e-05,0.01826163859495252,0.12313432835820895,Significant
Ythdc1,-3.893358,-1.2433434,9.886608773962099e-05,0.018218556317093067,0.12313432835820895,Significant
Fam78b,-3.895701,-1.4911723,9.791517745037746e-05,0.018101909477928387,0.10074626865671642,Significant
Chchd2,-3.9158003,-2.1351006,9.010483798554138e-05,0.016766861371682065,0.05223880597014925,Significant
Lysmd4,-3.9239385,-3.645826,8.711293932070542e-05,0.016263271730689467,0.014925373134328358,Significant
Srsf10,-3.9262815,-1.3722594,8.626919034131457e-05,0.016158730155344712,0.10074626865671642,Significant
Mrc1,-3.930474,-1.2138093,8.477856280102713e-05,0.015931934470142857,0.16044776119402984,Significant
Leng8,-3.9326935,-1.6130066,8.399929367797512e-05,0.015890378011021864,0.07835820895522388,Significant
Serf2,-3.9334333,-2.8797958,8.374104503786529e-05,0.015890378011021864,0.026119402985074626,Significant
H2-Q7,-3.9370093,-2.6480057,8.250338590724058e-05,0.01571179029078323,0.033582089552238806,Significant
Sparc,-3.9386125,-1.5996137,8.195420337107762e-05,0.01565957816829708,0.1044776119402985,Significant
Gdi2,-3.9393523,-1.0380511,8.170190152131751e-05,0.01565957816829708,0.17537313432835822,Significant
Pacs2,-3.9551358,-1.2389045,7.649119275091237e-05,0.014814574851801704,0.12313432835820895,Significant
D5Ertd579e,-3.9553823,-1.1828394,7.641232541380431e-05,0.014814574851801704,0.13059701492537312,Significant
Clta,-3.9630275,-1.3910269,7.400523192507983e-05,0.014480865673697493,0.10074626865671642,Significant
Nabp1,-3.9753585,-1.0438192,7.027332626721422e-05,0.013798046451660157,0.20149253731343283,Significant
Prpf40a,-3.9805374,-1.041775,6.875963204959609e-05,0.01354755089458841,0.19776119402985073,Significant
Plekho1,-3.9997737,-1.7680019,6.340309679098913e-05,0.01266749380482706,0.07462686567164178,Significant
Piezo1,-3.999897,-1.269325,6.337007010109616e-05,0.01266749380482706,0.11940298507462686,Significant
4632427E13Rik,-4.0044594,-1.7637253,6.215946801634368e-05,0.01250679246755698,0.06343283582089553,Significant
Atp5c1,-4.012228,-1.9530057,6.014840133663615e-05,0.012145071349324112,0.06716417910447761,Significant
Rps5,-4.019873,-2.4568589,5.822951950583739e-05,0.011799455765771839,0.03731343283582089,Significant
Tmbim6,-4.021353,-1.0607737,5.786488286488886e-05,0.011767443911462987,0.16791044776119404,Significant
Rack1,-4.025422,-1.5794001,5.68732504264087e-05,0.011607239256380422,0.09328358208955224,Significant
Gm48678,-4.0257916,-2.6922698,5.6783904626937814e-05,0.011607239256380422,0.03731343283582089,Significant
Shisa5,-4.029368,-1.7526164,5.592705576086184e-05,0.011496543256603733,0.07462686567164178,Significant
Hspa8,-4.030601,-2.727279,5.5634441167868604e-05,0.01147782867586814,0.026119402985074626,Significant
Ctsh,-4.0312176,-1.6666038,5.5488678311615516e-05,0.01147782867586814,0.07835820895522388,Significant
Git2,-4.0394793,-1.0553062,5.357003155043719e-05,0.011132595498224249,0.1791044776119403,Significant
Idh1,-4.0455213,-2.1452084,5.220682237781303e-05,0.010889042758296894,0.055970149253731345,Significant
Sh3bgrl3,-4.05218,-4.0185614,5.074260813511162e-05,0.010661752213363067,0.014925373134328358,Significant
Il31ra,-4.053783,-1.8542181,5.039597089395768e-05,0.010628136958047572,0.08208955223880597,Significant
Tmem59,-4.0564957,-1.4634745,4.981446174109525e-05,0.01054455489219221,0.08955223880597014,Significant
Ifi27,-4.060565,-4.913563,4.8954110227006815e-05,0.010440059889273389,0.011194029850746268,Significant
Hmgcs1,-4.064018,-2.1421115,4.8235180137395866e-05,0.010330870477441344,0.05223880597014925,Significant
Limd1,-4.064511,-1.2807132,4.8133296657150825e-05,0.010330870477441344,0.13059701492537312,Significant
Pdia6,-4.0668535,-1.8593682,4.765213010458687e-05,0.010316957947852779,0.07462686567164178,Significant
H2-DMa,-4.0807877,-3.013222,4.488334562602112e-05,0.009754590012562094,0.029850746268656716,Significant
Evl,-4.0922556,-1.2798986,4.2719778296192673e-05,0.009319949792963628,0.11940298507462686,Significant
Kctd12,-4.105696,-1.5545634,4.030992045030508e-05,0.00882802761677239,0.11194029850746269,Significant
Lrrc4,-4.1188903,-4.921466,3.807015998272776e-05,0.008369702623847498,0.007462686567164179,Significant
Cox7c,-4.128878,-2.0699592,3.645375033496119e-05,0.008076704271684922,0.05223880597014925,Significant
Hnrnpa3,-4.1330705,-1.0666002,3.5794861567761155e-05,0.007961700048944875,0.16417910447761194,Significant
Dok2,-4.13751,-2.2261705,3.510954781593536e-05,0.007870758906248722,0.05223880597014925,Significant
Rin3,-4.1414557,-1.0933435,3.451085720126003e-05,0.007767125375086747,0.21641791044776118,Significant
Btg2,-4.149101,-1.911131,3.3378377278818346e-05,0.00754205627235395,0.06716417910447761,Significant
Gm26827,-4.156253,-4.297031,3.235099169057588e-05,0.007339035130888771,0.011194029850746268,Significant
Trf,-4.168707,-1.4059345,3.063325302221267e-05,0.007020345419591045,0.12686567164179105,Significant
Ccl9,-4.1748724,-2.3228998,2.9815310861223757e-05,0.0068733344767163635,0.055970149253731345,Significant
Gm40528,-4.2033567,-4.587949,2.6298556626772765e-05,0.006087260621484017,0.007462686567164179,Significant
Cybb,-4.221113,-1.7899897,2.4309872448402623e-05,0.005671588953917525,0.08955223880597014,Significant
Abca9,-4.221483,-1.4783453,2.4270003803185583e-05,0.005671588953917525,0.12313432835820895,Significant
Tent5a,-4.244912,-1.5154601,2.186793069182159e-05,0.005145379510425674,0.11940298507462686,Significant
Ifitm3,-4.247748,-3.3967474,2.1593005769275694e-05,0.005101773201279366,0.022388059701492536,Significant
Rplp2,-4.2479944,-1.3139943,2.1569255377402256e-05,0.005101773201279366,0.13059701492537312,Significant
Plin1,-4.286837,-1.427098,1.812351988532773e-05,0.004372759939790026,0.15298507462686567,Significant
Hp,-4.310019,-2.7422261,1.632404750346884e-05,0.003972254653397518,0.033582089552238806,Significant
Fgfr2,-4.316308,-1.3882269,1.5866068912592003e-05,0.0038773812444287603,0.13805970149253732,Significant
6820431F20Rik-1,-4.32272,-1.1679955,1.5411735537879267e-05,0.0037825846261309625,0.16044776119402984,Significant
Cox8a,-4.3370237,-2.6414344,1.444250375975188e-05,0.0035600459159481897,0.041044776119402986,Significant
Cebpa,-4.3433123,-3.6699114,1.403502750975173e-05,0.0034883292440181144,0.018656716417910446,Significant
Rps15,-4.366371,-2.2032259,1.2632768338846631e-05,0.003154923078869588,0.06343283582089553,Significant
Rpl10,-4.375003,-2.6633499,1.2143086496511302e-05,0.003045988934792291,0.03731343283582089,Significant
Srsf2,-4.38943,-1.1412425,1.136481267246838e-05,0.0028633796388629297,0.1791044776119403,Significant
Reep5,-4.394609,-1.6629815,1.1097229758844153e-05,0.0028083882653259775,0.09701492537313433,Significant
Cebpb,-4.4110093,-2.1209798,1.0288998276004451e-05,0.0026272011248160065,0.055970149253731345,Significant
Alox5ap,-4.4118724,-2.7909088,1.0248055990279695e-05,0.0026272011248160065,0.033582089552238806,Significant
Eif4g1,-4.432465,-1.3669461,9.316187807076057e-06,0.002400330542636732,0.13805970149253732,Significant
Rpl37,-4.435301,-3.291445,9.194373387267794e-06,0.002379712795656434,0.026119402985074626,Significant
Cd81,-4.4380136,-2.3996387,9.079280328789443e-06,0.002379712795656434,0.041044776119402986,Significant
Rps27,-4.44196,-4.228711,8.914326737263437e-06,0.0023499568460486914,0.011194029850746268,Significant
Sdha,-4.4571266,-1.6963907,8.306551889589809e-06,0.002210202668902492,0.08955223880597014,Significant
Tspo,-4.4646487,-2.7288325,8.020029545980364e-06,0.0021439835792378776,0.03731343283582089,Significant
Gm49513,-4.465512,-1.9597248,7.987760844838192e-06,0.0021439835792378776,0.08582089552238806,Significant
Mpc2,-4.480062,-2.5174022,7.462130569996434e-06,0.0020137496530150093,0.03731343283582089,Significant
Fxyd5,-4.481172,-2.5047476,7.423427526958869e-06,0.0020128446991074522,0.048507462686567165,Significant
Cotl1,-4.481295,-1.3417153,7.41913905710284e-06,0.0020128446991074522,0.14925373134328357,Significant
Jund,-4.4849944,-1.5121139,7.291581015228668e-06,0.0019961053585968056,0.13059701492537312,Significant
Prdx1,-4.4964623,-2.0778604,6.90934393759958e-06,0.001909829869664358,0.05970149253731343,Significant
Mitf,-4.498682,-1.0953248,6.837610582537945e-06,0.0018992213862453321,0.23880597014925373,Significant
Rps3,-4.517548,-3.7723114,6.2559823311736005e-06,0.0017461857348988038,0.018656716417910446,Significant
Rpsa,-4.5185347,-2.3867607,6.2269110479771325e-06,0.0017461857348988038,0.05223880597014925,Significant
Eif4g2,-4.524453,-1.3676219,6.05517945777279e-06,0.0017068711559655467,0.1417910447761194,Significant
Pfn1,-4.5306187,-1.4663463,5.881116079444052e-06,0.001666052888953352,0.13059701492537312,Significant
Gpx1,-4.546279,-2.1270235,5.460262461089963e-06,0.0015545640239846177,0.07462686567164178,Significant
Pitpna,-4.556514,-1.0098805,5.20096412828334e-06,0.0014881813991386014,0.27238805970149255,Significant
Samhd1,-4.567118,-1.0642653,4.944749708456385e-06,0.0014220151169152275,0.2537313432835821,Significant
Mcub,-4.5681047,-1.514531,4.921540201004859e-06,0.0014220151169152275,0.1455223880597015,Significant
4930444A19Rik,-4.5767365,-3.7903597,4.722859453346307e-06,0.0013720629598622045,0.018656716417910446,Significant
Efhd2,-4.582162,-2.360742,4.6019316294910786e-06,0.001343787635460777,0.055970149253731345,Significant
Rplp0,-4.596959,-3.5981743,4.287017799131434e-06,0.0012635049411335124,0.022388059701492536,Significant
Prpf4b,-4.6218677,-1.2236834,3.803009117216655e-06,0.001133754670908029,0.17537313432835822,Significant
Cyth4,-4.652078,-1.4123536,3.2860641862945e-06,0.0009847988464831321,0.16044776119402984,Significant
Btbd1,-4.6694646,-1.3972738,3.01985491531535e-06,0.0009098071890633405,0.13805970149253732,Significant
Npc2,-4.674027,-1.8085979,2.953501982375711e-06,0.0008945497679705073,0.09328358208955224,Significant
F13a1,-4.688824,-1.8021321,2.747792204498605e-06,0.0008366953792318452,0.11940298507462686,Significant
App,-4.6941266,-1.0013247,2.6774824061768483e-06,0.0008196694929576125,0.33955223880597013,Significant
Arpc5,-4.6989355,-1.9133978,2.6152088389520837e-06,0.0008049330081014627,0.08208955223880597,Significant
Stx16,-4.7036214,-1.0693873,2.555870654490786e-06,0.0007952668357232779,0.2462686567164179,Significant
Ctsc,-4.7044845,-1.3348856,2.545081827747084e-06,0.0007952668357232779,0.1791044776119403,Significant
Gm2a,-4.709787,-1.7415919,2.4797604682561632e-06,0.0007801107227788629,0.10820895522388059,Significant
Atp6v1b2,-4.7129927,-1.7774295,2.441047840717835e-06,0.0007721983616573013,0.09328358208955224,Significant
Pak2,-4.7367916,-1.0253803,2.17128379576572e-06,0.000690698718517854,0.2873134328358209,Significant
Pdia3,-4.753808,-1.6719095,1.996205116048753e-06,0.000638572559061416,0.10074626865671642,Significant
Ubr2,-4.756274,-1.2479717,1.971984926207633e-06,0.0006343886648767729,0.16791044776119404,Significant
Rpl6,-4.7570143,-2.5758276,1.964774088779125e-06,0.0006343886648767729,0.04477611940298507,Significant
Slc1a5,-4.7624397,-1.0621554,1.912663240435847e-06,0.0006223369004209004,0.3246268656716418,Significant
Lgals1,-4.7834024,-3.9508364,1.7235271195084884e-06,0.0005640192971950163,0.014925373134328358,Significant
Chd4,-4.7856216,-1.2735333,1.7045875053608253e-06,0.0005610457638309292,0.17164179104477612,Significant
Pnpla2,-4.7903075,-2.23924,1.6652585719581742e-06,0.000551287722941107,0.06716417910447761,Significant
H3f3a,-4.793514,-1.2803243,1.638853406874981e-06,0.0005457190166132649,0.16791044776119404,Significant
Cdo1,-4.7988157,-1.3403709,1.5960642391055615e-06,0.0005345970225818222,0.17537313432835822,Significant
Rpl7,-4.7993093,-4.7076607,1.5921389055257082e-06,0.0005345970225818222,0.011194029850746268,Significant
Rps8,-4.803378,-2.0831354,1.5601071033722385e-06,0.0005287741581733252,0.07835820895522388,Significant
Cat,-4.809667,-1.7644991,1.5118188155796065e-06,0.0005154758992689723,0.10820895522388059,Significant
Fcrls,-4.8301363,-3.1295638,1.364395703306366e-06,0.00046801238398775773,0.03731343283582089,Significant
Rpl14,-4.8309994,-3.7780523,1.3584932109760267e-06,0.00046801238398775773,0.018656716417910446,Significant
Cd52,-4.8361783,-2.332078,1.3235906428795159e-06,0.00045955228534269826,0.06343283582089553,Significant
G3bp2,-4.861457,-1.8604524,1.1652497911705954e-06,0.0004095709157965733,0.08955223880597014,Significant
Rbp4,-4.8657727,-4.053724,1.1401050546699516e-06,0.00040322187526684294,0.018656716417910446,Significant
Tln1,-4.869965,-1.6890312,1.116179181119046e-06,0.00039722724220062246,0.10074626865671642,Significant
Cd84,-4.878967,-1.5264665,1.066430480617938e-06,0.0003819095471501006,0.1455223880597015,Significant
Eef2,-4.8836527,-3.0451167,1.041385522065953e-06,0.00037530084184783186,0.026119402985074626,Significant
Csf2ra,-4.883899,-2.1310825,1.0400831705101077e-06,0.00037530084184783186,0.07835820895522388,Significant
Laptm4a,-4.8885846,-1.6170183,1.0156342990466161e-06,0.0003707130296282908,0.1044776119402985,Significant
Lyz1,-4.8908043,-2.8268518,1.0042472463730605e-06,0.0003689215642305061,0.048507462686567165,Significant
Ifi27l2a,-4.8988194,-3.7836657,9.641417254607906e-07,0.0003564882726588499,0.018656716417910446,Significant
Plin2,-4.904245,-1.6508524,9.378733497122343e-07,0.0003490421333723159,0.1044776119402985,Significant
AY036118,-4.9064646,-1.2218207,9.273269916704525e-07,0.00034738767258360025,0.20522388059701493,Significant
B3galt2,-4.907944,-2.1783097,9.203596202304079e-07,0.00034706090818238184,0.0708955223880597,Significant
Txnip,-4.916206,-1.3761237,8.823752691462566e-07,0.0003349555346697133,0.16417910447761194,Significant
Rps12,-4.918179,-2.445018,8.735302138565849e-07,0.0003338233819275691,0.05223880597014925,Significant
Gnai2,-4.9454303,-2.2399096,7.597586056712033e-07,0.00029835458458982064,0.06716417910447761,Significant
Laptm5,-4.9461703,-1.5831116,7.568781531545628e-07,0.00029835458458982064,0.1417910447761194,Significant
Ptpn1,-4.9486365,-1.2411072,7.473524271558297e-07,0.0002975873745082524,0.19776119402985073,Significant
Lamp2,-4.9682426,-1.3218981,6.756246092525375e-07,0.0002709207103904841,0.1791044776119403,Significant
Coro1a,-4.9862456,-2.2738507,6.156389228216444e-07,0.00024861770144955504,0.06716417910447761,Significant
Mat2a,-4.986862,-1.4615551,6.136783513497495e-07,0.00024861770144955504,0.13805970149253732,Significant
Lrp1,-4.986862,-1.4775995,6.136783513497495e-07,0.00024861770144955504,0.15298507462686567,Significant
Rps20,-5.0102906,-2.692111,5.434784758230783e-07,0.00022424788327421672,0.04477611940298507,Significant
Ndufa4,-5.0289106,-3.157404,4.93274646469312e-07,0.00020501862514313207,0.026119402985074626,Significant
Rpl19,-5.035569,-3.3930323,4.764311016583368e-07,0.0001994739952906423,0.026119402985074626,Significant
Me1,-5.061834,-2.6473658,4.152425880556204e-07,0.00017514317189981543,0.048507462686567165,Significant
Rps23,-5.063067,-2.7533774,4.125646655299077e-07,0.00017514317189981543,0.03731343283582089,Significant
5330438D12Rik,-5.0721917,-2.4793594,3.932594816988978e-07,0.0001683653244166687,0.06343283582089553,Significant
Gvin-ps7,-5.188596,-2.2534363,2.1188597471083935e-07,9.20992311909153e-05,0.0708955223880597,Significant
Atp5a1,-5.2157235,-2.8975623,1.8310105619200457e-07,8.019967108176101e-05,0.04477611940298507,Significant
Rps16,-5.218313,-3.597161,1.805600836459422e-07,7.969978079754725e-05,0.022388059701492536,Significant
Eif3a,-5.2248483,-1.5342216,1.7429781144948472e-07,7.753665376363368e-05,0.1455223880597015,Significant
Ubc,-5.245811,-2.8788161,1.555963707650528e-07,6.976230667506197e-05,0.04477611940298507,Significant
Arpc1b,-5.2747884,-1.9157181,1.3290921820877344e-07,6.0265615213912915e-05,0.1044776119402985,Significant
Son,-5.2815704,-1.1352912,1.2808112290479725e-07,5.88150582203392e-05,0.30223880597014924,Significant
Ywhag,-5.289832,-1.4566176,1.224285735345803e-07,5.667646671245965e-05,0.16417910447761194,Significant
Oaz1,-5.2911887,-3.0686753,1.2152391344618043e-07,5.667646671245965e-05,0.029850746268656716,Significant
Rpl23,-5.292792,-2.550078,1.2046310701433016e-07,5.667646671245965e-05,0.055970149253731345,Significant
Cdc42,-5.3588853,-1.1010978,8.373698736542318e-08,4.006779661827362e-05,0.3358208955223881,Significant
S100a10,-5.373436,-3.4497864,7.725032876150551e-08,3.75958202564862e-05,0.033582089552238806,Significant
Rps2,-5.408579,-5.2795944,6.352682271348953e-08,3.1183455276972476e-05,0.007462686567164179,Significant
Zfp36l2,-5.4955115,-1.3694351,3.895791720315308e-08,1.945879617074333e-05,0.20522388059701493,Significant
Tyrobp,-5.5189404,-3.9891906,3.4104986774139603e-08,1.7185593379701622e-05,0.018656716417910446,Significant
Rpl8,-5.5761557,-2.9626813,2.4589179017382572e-08,1.2501182521685545e-05,0.03731343283582089,Significant
Cyba,-5.578622,-2.2287648,2.4243151164930473e-08,1.243629973407483e-05,0.07835820895522388,Significant
Pltp,-5.5867605,-2.7398646,2.3134465632196265e-08,1.1975450977844432e-05,0.06716417910447761,Significant
Rac1,-5.5908294,-2.202741,2.2598737622499113e-08,1.1805456137272679e-05,0.07462686567164178,Significant
Ubb,-5.60464,-6.6961336,2.086880997993291e-08,1.1002693602475555e-05,0.0037313432835820895,Significant
Rpl34,-5.6463184,-4.0004625,1.6391998222955372e-08,8.723147390778521e-06,0.018656716417910446,Significant
Rps27a,-5.6579094,-3.2163875,1.5322779290201075e-08,8.231079014748484e-06,0.033582089552238806,Significant
Rps21,-5.669994,-2.5095646,1.4280261130552887e-08,7.744117609855352e-06,0.06343283582089553,Significant
Mpc1,-5.6702404,-3.0944276,1.4259719671490964e-08,7.744117609855352e-06,0.041044776119402986,Significant
Rps4x,-5.684421,-3.731256,1.3125654521463928e-08,7.256193146666772e-06,0.022388059701492536,Significant
Mcl1,-5.6902165,-1.6401726,1.2687835168238196e-08,7.08292178739854e-06,0.14925373134328357,Significant
Eif1,-5.753227,-2.6680765,8.755555298943756e-09,4.985500742771564e-06,0.048507462686567165,Significant
Tbxas1,-5.754214,-1.5005779,8.704586969933862e-09,4.985500742771564e-06,0.20149253731343283,Significant
Lamp1,-5.78948,-2.237975,7.060453653353071e-09,4.102339708934461e-06,0.07835820895522388,Significant
Rps9,-5.810566,-2.13049,6.226192917891665e-09,3.6549036179141165e-06,0.08582089552238806,Significant
Hsp90b1,-5.8512583,-1.5030075,4.878684432061174e-09,2.893720523395784e-06,0.1865671641791045,Significant
Fau,-5.871481,-2.5941937,4.319196825781223e-09,2.588835646913775e-06,0.05970149253731343,Significant
Ppia,-5.8852916,-3.3623223,3.973533042996975e-09,2.406988776609476e-06,0.03731343283582089,Significant
Hspa5,-5.8904705,-1.808862,3.850979359736594e-09,2.3578345776641014e-06,0.13805970149253732,Significant
Srsf7,-5.982459,-2.2032619,2.1979402704353523e-09,1.3753067795479055e-06,0.08582089552238806,Significant
B2m,-5.999352,-1.6523283,1.9810625416212077e-09,1.253374246471702e-06,0.16791044776119404,Significant
Dgat2,-6.01119,-2.4338243,1.8416656295824385e-09,1.178272838360153e-06,0.08955223880597014,Significant
mt-Co1,-6.019698,-1.2366889,1.747425908990401e-09,1.1306838486798004e-06,0.3843283582089552,Significant
Rps14,-6.072228,-1.9705447,1.2614780164594607e-09,8.256301118990592e-07,0.10820895522388059,Significant
Agpat2,-6.0873947,-4.3954554,1.1476272245358636e-09,7.598493231662397e-07,0.018656716417910446,Significant
Rpl11,-6.145227,-3.0113368,7.98493724847929e-10,5.349062492537167e-07,0.04477611940298507,Significant
Ctsb,-6.153735,-1.9517993,7.567907509365753e-10,5.130050255842802e-07,0.11940298507462686,Significant
Tkt,-6.220445,-2.424276,4.957461496546419e-10,3.4009977719861405e-07,0.07835820895522388,Significant
Rps3a1,-6.222665,-2.7272651,4.887810025343495e-10,3.3941072030863896e-07,0.05970149253731343,Significant
Ces1d,-6.2808666,-3.0006487,3.366909114740969e-10,2.3668539741045124e-07,0.048507462686567165,Significant
mt-Nd2,-6.3479466,-1.4541125,2.1820763995757582e-10,1.5531201533530406e-07,0.27238805970149255,Significant
H2-K1,-6.3841996,-1.2799579,1.722962977265269e-10,1.2418637327653376e-07,0.3805970149253731,Significant
Gda,-6.4057784,-1.5189471,1.4960390583278014e-10,1.0921276925672222e-07,0.2574626865671642,Significant
Rps11,-6.447827,-3.7746196,1.1346518231445255e-10,8.390676553463951e-08,0.029850746268656716,Significant
Crip1,-6.4775443,-2.461992,9.322731158047665e-11,6.984810985136739e-08,0.07835820895522388,Significant
Fn1,-6.4807506,-2.3182766,9.126749552104495e-11,6.929149949951761e-08,0.15671641791044777,Significant
Ctsd,-6.4966574,-3.3907056,8.212421765169712e-11,6.319236590953089e-08,0.033582089552238806,Significant
Calr,-6.497644,-3.2130268,8.15876846090023e-11,6.319236590953089e-08,0.041044776119402986,Significant
Plin4,-6.535746,-2.019947,6.329312858732782e-11,5.005519492904214e-08,0.1417910447761194,Significant
Rpl9,-6.5665736,-3.782725,5.1486224569555107e-11,4.129122694669066e-08,0.026119402985074626,Significant
Rplp1,-6.590372,-2.184697,4.387253751487754e-11,3.568780226620917e-08,0.10074626865671642,Significant
ENSMUSG00000095041,-6.60147,-2.2600749,4.071006920580168e-11,3.408929486246402e-08,0.08955223880597014,Significant
Atp6v0b,-6.7268753,-2.1158237,1.7334525812435925e-11,1.495523082251385e-08,0.12313432835820895,Significant
Ccl6,-6.759552,-3.1204503,1.3841896983999959e-11,1.2125714710245256e-08,0.048507462686567165,Significant
Rpl37a,-6.860789,-2.434539,6.848135156311948e-12,6.092807248993105e-09,0.08582089552238806,Significant
Adgre5,-6.9245396,-1.792951,4.373958753404121e-12,3.953295005993397e-09,0.19776119402985073,Significant
Tm6sf1,-6.9836044,-2.221651,2.8770117929543097e-12,2.642256911332441e-09,0.1044776119402985,Significant
Itm2b,-7.0538907,-1.6766709,1.7398310578471055e-12,1.6240609879487217e-09,0.208955223880597,Significant
Fcer1g,-7.063262,-2.857351,1.626384786676142e-12,1.54346626896877e-09,0.06716417910447761,Significant
Rps29,-7.1367545,-3.3907535,9.556042958813132e-13,9.222553256233533e-10,0.041044776119402986,Significant
H3f3b,-7.1963124,-2.4441712,6.186273714007155e-13,6.073320888780714e-10,0.08582089552238806,Significant
Gsn,-7.224057,-1.4462392,5.045906597434897e-13,5.040683641483167e-10,0.41044776119402987,Significant
Calm1,-7.348599,-2.6261978,2.002948700697927e-13,2.036605392257869e-10,0.07462686567164178,Significant
Plcb1,-7.3674655,-1.6813525,1.7390252157896475e-13,1.8003969965868787e-10,0.3619402985074627,Significant
Cox4i1,-7.4500823,-3.53231,9.328192111430114e-14,9.836233092906336e-11,0.04477611940298507,Significant
Gm37240,-7.4695654,-3.1806583,8.046019592787543e-14,8.64430946477199e-11,0.055970149253731345,Significant
Myl6,-7.509887,-3.0649884,5.917828581048523e-14,6.480136100643922e-11,0.06343283582089553,Significant
Hsp90ab1,-7.511244,-3.2798533,5.856824521383731e-14,6.480136100643922e-11,0.04477611940298507,Significant
Thrsp,-7.6365256,-3.6361644,2.231618433929095e-14,2.5414117049271318e-11,0.04477611940298507,Significant
Rpl13,-7.7259245,-4.9045243,1.1104430368917669e-14,1.2904027951766143e-11,0.014925373134328358,Significant
Psap,-7.8507133,-1.5630153,4.136775048652398e-15,5.011746979687579e-12,0.4253731343283582,Significant
Aplp2,-7.917917,-2.0065892,2.415229911868596e-15,2.9896870959067334e-12,0.1865671641791045,Significant
Ccr2,-7.9325905,-1.9511393,2.146211860118311e-15,2.7157211005999276e-12,0.21641791044776118,Significant
Insyn2b,-8.375147,-4.185806,5.515523048177577e-17,7.137713588324532e-14,0.033582089552238806,Significant
Vmp1,-8.417318,-2.2741168,3.852005584646291e-17,5.1008616277987084e-14,0.1455223880597015,Significant
Actg1,-8.495126,-2.2166932,1.9771810781113172e-17,2.680539708779441e-14,0.16417910447761194,Significant
Ftl1,-8.6377945,-3.8306284,5.730852357898693e-18,7.95903571002706e-15,0.04477611940298507,Significant
mt-Nd1,-8.667266,-1.8795545,4.426221477034964e-18,6.300836928096197e-15,0.3358208955223881,Significant
Mir142hg,-8.733605,-1.6666993,2.46679978900814e-18,3.601590943228525e-15,0.3917910447761194,Significant
Cyp2e1,-8.741128,-2.3443635,2.3079526979926068e-18,3.4583456467472905e-15,0.16044776119402984,Significant
Cst3,-8.761967,-3.2798204,1.918728471276533e-18,2.952819402242083e-15,0.06716417910447761,Significant
H2-Eb1,-8.900196,-2.2660985,5.57480817742935e-19,8.817643123083461e-16,0.2462686567164179,Significant
S100a6,-9.248544,-3.6818674,2.2757130399655944e-20,3.7023250345337403e-17,0.05223880597014925,Significant
Adipoq,-9.250764,-2.7546444,2.228945480438595e-20,3.7023250345337403e-17,0.12313432835820895,Significant
mt-Nd4,-9.295772,-2.0532694,1.4614260808047413e-20,2.5216685596091747e-17,0.27238805970149255,Significant
Car3,-9.381841,-1.7754103,6.483066188659283e-21,1.1536008495264008e-17,0.5261194029850746,Significant
Mgst1,-9.40194,-2.76616,5.356594612609672e-21,9.839027543116366e-18,0.11940298507462686,Significant
Acaca,-9.418587,-2.2198162,4.571984464006954e-21,8.677778912167331e-18,0.2537313432835821,Significant
H2-D1,-9.57112,-2.5121446,1.0575339243969148e-21,2.1506085424673115e-18,0.1455223880597015,Significant
H2-Ab1,-9.598125,-2.8551035,8.141186991720368e-22,1.7169160314649981e-18,0.1455223880597015,Significant
Tpt1,-9.643009,-2.7641795,5.262215834237252e-22,1.1524455069896283e-18,0.11567164179104478,Significant
Fasn,-9.733149,-6.565103,2.1774707604637014e-22,4.959494502862544e-19,0.011194029850746268,Significant
H2-Aa,-9.955844,-2.6917086,2.3779553047745498e-23,5.641798042048652e-20,0.2126865671641791,Significant
Fth1,-10.343528,-4.7360106,4.477446717685458e-25,1.1588649706896714e-21,0.026119402985074626,Significant
Cd74,-10.472879,-2.7927945,1.150885522479289e-25,3.1205986921663423e-22,0.23134328358208955,Significant
Eef1a1,-10.697795,-3.1355317,1.042294200783103e-26,2.967463704339533e-23,0.10820895522388059,Significant
Retn,-10.726402,-3.1491716,7.651755061462658e-27,2.2931504471302382e-23,0.11194029850746269,Significant
Retnla,-10.729362,-4.1790485,7.410630436546945e-27,2.2931504471302382e-23,0.055970149253731345,Significant
mt-Rnr2,-10.89176,-1.7895886,1.261784610724255e-27,4.2263104423088116e-24,0.8059701492537313,Significant
Ddx5,-10.954154,-2.1288533,6.346865943474749e-28,2.2587305855462233e-24,0.3582089552238806,Significant
Apoe,-11.0815325,-4.584988,1.5421077738228229e-28,5.853943916616357e-25,0.041044776119402986,Significant
mt-Cytb,-11.278704,-2.4458046,1.6719234071593314e-29,6.800070766218535e-26,0.30223880597014924,Significant
Actb,-11.583647,-2.331364,4.987836778284431e-31,2.1847108768637982e-27,0.34701492537313433,Significant
G0s2,-11.698693,-4.7048454,1.2943066826414074e-31,6.141593068023698e-28,0.04477611940298507,Significant
Lyz2,-11.773912,-4.493344,5.3198981405831e-32,2.753821091117658e-28,0.06716417910447761,Significant
Cmss1,-12.521658,-2.0650873,5.683548397057081e-36,3.2362692927682726e-32,0.5783582089552238,Significant
Dbi,-13.299861,-4.171995,2.318995303950784e-40,1.4671767955806844e-36,0.07462686567164178,Significant
Lpl,-14.187069,-2.7468324,1.1016788687100908e-45,7.84133705790266e-42,0.3694029850746269,Significant
Tmsb4x,-15.693905,-3.7082524,1.6649116083064245e-55,1.3543104555510873e-51,0.20149253731343283,Significant
Fabp4,-21.407427,-4.045297,1.139322256299962e-101,1.6218537148994037e-97,0.39552238805970147,Significant
Scd1,-21.796343,-5.7828727,2.513095875529893e-105,4.7699397416182546e-101,0.1044776119402985,Significant
Cfd,-22.886889,-5.797902,6.276377434188968e-116,3.57383207480154e-111,0.16791044776119404,Significant
