,sample,sample_id,leiden_0.3,celltypist_majority
Normal_AAACCTGAGGACCACA-1,Normal,Normal,0,HSC/MPP
Normal_AAACCTGGTTTGGGCC-1,Normal,Normal,0,HSC/MPP
Normal_AAACGGGAGCAATATG-1,Normal,Normal,3,Megakaryocyte-erythroid-mast cell progenitor
Normal_AAACGGGCATGTCTCC-1,Normal,Normal,0,HSC/MPP
Normal_AAACGGGTCGCGCCAA-1,Normal,Normal,0,HSC/MPP
Normal_AAAGATGGTAGAGTGC-1,Normal,Normal,0,HSC/MPP
Normal_AAAGATGTCAGCGACC-1,Normal,Normal,0,Megakaryocyte precursor
Normal_AACACGTCACTTCTGC-1,Normal,Normal,0,HSC/MPP
Normal_AACCGCGAGGGTGTGT-1,Normal,Normal,0,HSC/MPP
Normal_AACCGCGCAGCGTCCA-1,Normal,Normal,0,HSC/MPP
Normal_AACCGCGCATCCCATC-1,Normal,Normal,0,HSC/MPP
Normal_AACCGCGTCCCTAACC-1,Normal,Normal,0,HSC/MPP
Normal_AACGTTGTCAAGATCC-1,Normal,Normal,0,HSC/MPP
Normal_AACTCAGCACTCGACG-1,Normal,Normal,0,HSC/MPP
Normal_AACTCCCCATTACGAC-1,Normal,Normal,0,HSC/MPP
Normal_AACTCCCTCTAAGCCA-1,Normal,Normal,0,HSC/MPP
Normal_AACTCTTAGGCATTGG-1,Normal,Normal,0,HSC/MPP
Normal_AACTGGTGTCCGAATT-1,Normal,Normal,0,HSC/MPP
Normal_AACTGGTTCCTGCTTG-1,Normal,Normal,0,HSC/MPP
Normal_AACTTTCCAGATGGCA-1,Normal,Normal,0,HSC/MPP
Normal_AACTTTCTCAGGCGAA-1,Normal,Normal,0,HSC/MPP
Normal_AAGACCTAGGAATGGA-1,Normal,Normal,0,HSC/MPP
Normal_AAGACCTCAAATACAG-1,Normal,Normal,0,HSC/MPP
Normal_AAGACCTTCGGATGGA-1,Normal,Normal,0,HSC/MPP
Normal_AAGCCGCAGATGGGTC-1,Normal,Normal,0,HSC/MPP
Normal_AAGCCGCCACGACTCG-1,Normal,Normal,0,HSC/MPP
Normal_AAGGCAGAGCTTTGGT-1,Normal,Normal,0,HSC/MPP
Normal_AAGGTTCAGCATGGCA-1,Normal,Normal,0,HSC/MPP
Normal_AAGTCTGCACATGGGA-1,Normal,Normal,0,HSC/MPP
Normal_AATCCAGAGTATTGGA-1,Normal,Normal,0,HSC/MPP
Normal_AATCGGTTCGCGATCG-1,Normal,Normal,0,HSC/MPP
Normal_AATCGGTTCTCTTGAT-1,Normal,Normal,0,HSC/MPP
Normal_ACACCCTCATATGAGA-1,Normal,Normal,0,HSC/MPP
Normal_ACACCGGGTCTGGAGA-1,Normal,Normal,0,HSC/MPP
Normal_ACACCGGGTGTGCGTC-1,Normal,Normal,0,HSC/MPP
Normal_ACACCGGGTTGTACAC-1,Normal,Normal,0,HSC/MPP
Normal_ACAGCCGAGACCACGA-1,Normal,Normal,0,HSC/MPP
Normal_ACAGCCGAGTCGTACT-1,Normal,Normal,0,HSC/MPP
Normal_ACAGCCGTCGGAGGTA-1,Normal,Normal,0,Megakaryocyte precursor
Normal_ACAGCTAGTCATCCCT-1,Normal,Normal,0,HSC/MPP
Normal_ACATACGCACAGGTTT-1,Normal,Normal,0,HSC/MPP
Normal_ACATACGCATCCGTGG-1,Normal,Normal,0,HSC/MPP
Normal_ACATCAGAGATTACCC-1,Normal,Normal,0,HSC/MPP
Normal_ACATCAGAGGCAAAGA-1,Normal,Normal,0,HSC/MPP
Normal_ACATGGTGTCGCGAAA-1,Normal,Normal,0,HSC/MPP
Normal_ACCAGTAGTAAGTTCC-1,Normal,Normal,0,HSC/MPP
Normal_ACCAGTATCTAAGCCA-1,Normal,Normal,0,HSC/MPP
Normal_ACCCACTAGTCAAGGC-1,Normal,Normal,0,HSC/MPP
Normal_ACCCACTAGTCCATAC-1,Normal,Normal,0,HSC/MPP
Normal_ACCCACTCACGGTAGA-1,Normal,Normal,0,Megakaryocyte precursor
Normal_ACCCACTTCAGCAACT-1,Normal,Normal,0,HSC/MPP
Normal_ACCGTAAAGCCTATGT-1,Normal,Normal,0,HSC/MPP
Normal_ACCGTAAGTCTCCACT-1,Normal,Normal,0,HSC/MPP
Normal_ACGAGGAAGTGGAGTC-1,Normal,Normal,0,HSC/MPP
Normal_ACGAGGAGTTGAACTC-1,Normal,Normal,0,HSC/MPP
Normal_ACGATGTAGTAGGTGC-1,Normal,Normal,0,HSC/MPP
Normal_ACGATGTCAAGCGCTC-1,Normal,Normal,0,HSC/MPP
Normal_ACGATGTGTTCCACAA-1,Normal,Normal,0,HSC/MPP
Normal_ACGCAGCGTACCGGCT-1,Normal,Normal,0,HSC/MPP
Normal_ACGCCAGGTGTCGCTG-1,Normal,Normal,0,HSC/MPP
Normal_ACGGAGACAGTCTTCC-1,Normal,Normal,0,HSC/MPP
Normal_ACGGAGAGTTCGTTGA-1,Normal,Normal,0,HSC/MPP
Normal_ACGGAGATCGATAGAA-1,Normal,Normal,0,HSC/MPP
Normal_ACGGCCAGTGCGAAAC-1,Normal,Normal,0,HSC/MPP
Normal_ACGGGCTAGCGCTCCA-1,Normal,Normal,0,HSC/MPP
Normal_ACGGGCTCAGTATAAG-1,Normal,Normal,0,HSC/MPP
Normal_ACGGGTCAGTCGTACT-1,Normal,Normal,0,HSC/MPP
Normal_ACGGGTCAGTGGAGTC-1,Normal,Normal,0,Megakaryocyte precursor
Normal_ACGGGTCCACGAGGTA-1,Normal,Normal,0,HSC/MPP
Normal_ACGTCAAGTAATAGCA-1,Normal,Normal,0,HSC/MPP
Normal_ACTGAACAGTGGTAGC-1,Normal,Normal,0,HSC/MPP
Normal_ACTGAACGTTCGCGAC-1,Normal,Normal,0,HSC/MPP
Normal_ACTTACTAGAGTAATC-1,Normal,Normal,0,Megakaryocyte precursor
Normal_ACTTACTTCACCTTAT-1,Normal,Normal,0,HSC/MPP
Normal_ACTTACTTCCGGGTGT-1,Normal,Normal,0,HSC/MPP
Normal_ACTTGTTAGATGGCGT-1,Normal,Normal,0,HSC/MPP
Normal_ACTTGTTCAGCATACT-1,Normal,Normal,0,HSC/MPP
Normal_ACTTTCAAGCCAGTAG-1,Normal,Normal,0,HSC/MPP
Normal_ACTTTCATCCACGCAG-1,Normal,Normal,0,HSC/MPP
Normal_AGACGTTTCCGCATCT-1,Normal,Normal,0,Megakaryocyte precursor
Normal_AGAGCGAAGACTGGGT-1,Normal,Normal,0,HSC/MPP
Normal_AGAGCGAGTAGCTTGT-1,Normal,Normal,0,HSC/MPP
Normal_AGAGCGAGTCACCCAG-1,Normal,Normal,0,HSC/MPP
Normal_AGAGCTTAGCCACGCT-1,Normal,Normal,0,HSC/MPP
Normal_AGATCTGGTCAACTGT-1,Normal,Normal,0,HSC/MPP
Normal_AGCAGCCAGCGCTCCA-1,Normal,Normal,0,HSC/MPP
Normal_AGCAGCCAGTCATGCT-1,Normal,Normal,0,HSC/MPP
Normal_AGCAGCCCAGTGGGAT-1,Normal,Normal,0,HSC/MPP
Normal_AGCAGCCTCTCTGAGA-1,Normal,Normal,0,HSC/MPP
Normal_AGCATACCACCACCAG-1,Normal,Normal,0,Megakaryocyte precursor
Normal_AGCGGTCGTCCGACGT-1,Normal,Normal,0,HSC/MPP
Normal_AGCGTATAGTGGAGTC-1,Normal,Normal,0,HSC/MPP
Normal_AGCGTATCAGTCAGCC-1,Normal,Normal,0,HSC/MPP
Normal_AGCGTATGTCAAAGCG-1,Normal,Normal,0,HSC/MPP
Normal_AGCGTCGGTTAAAGAC-1,Normal,Normal,0,HSC/MPP
Normal_AGCGTCGGTTGTACAC-1,Normal,Normal,0,HSC/MPP
Normal_AGCTCTCAGCGATAGC-1,Normal,Normal,0,HSC/MPP
Normal_AGCTTGATCCGATATG-1,Normal,Normal,0,HSC/MPP
Normal_AGGCCACGTACGCTGC-1,Normal,Normal,0,HSC/MPP
Normal_AGGCCACTCGTAGGAG-1,Normal,Normal,0,HSC/MPP
Normal_AGGCCGTAGTACGCCC-1,Normal,Normal,0,HSC/MPP
Normal_AGGCCGTCAGTCGTGC-1,Normal,Normal,0,HSC/MPP
Normal_AGGCCGTGTCAGCTAT-1,Normal,Normal,0,HSC/MPP
Normal_AGGCCGTGTCGCATAT-1,Normal,Normal,0,HSC/MPP
Normal_AGGCCGTTCGGACAAG-1,Normal,Normal,0,HSC/MPP
Normal_AGGGAGTGTTAAAGAC-1,Normal,Normal,0,HSC/MPP
Normal_AGGTCATCATTCCTGC-1,Normal,Normal,0,HSC/MPP
Normal_AGGTCCGCAAGCTGTT-1,Normal,Normal,0,HSC/MPP
Normal_AGGTCCGGTTAAGGGC-1,Normal,Normal,0,HSC/MPP
Normal_AGTAGTCAGAGTACCG-1,Normal,Normal,0,HSC/MPP
Normal_AGTAGTCAGATAGGAG-1,Normal,Normal,0,HSC/MPP
Normal_AGTCTTTAGACGCACA-1,Normal,Normal,0,HSC/MPP
Normal_AGTCTTTAGTGGTAAT-1,Normal,Normal,0,HSC/MPP
Normal_AGTCTTTAGTTGTAGA-1,Normal,Normal,0,HSC/MPP
Normal_AGTCTTTTCGCGGATC-1,Normal,Normal,0,HSC/MPP
Normal_AGTCTTTTCTTCCTTC-1,Normal,Normal,0,HSC/MPP
Normal_AGTGAGGCAATGCCAT-1,Normal,Normal,0,HSC/MPP
Normal_AGTGTCAAGTCAAGCG-1,Normal,Normal,0,HSC/MPP
Normal_AGTGTCATCTAGAGTC-1,Normal,Normal,0,HSC/MPP
Normal_AGTTGGTGTACATCCA-1,Normal,Normal,0,HSC/MPP
Normal_AGTTGGTGTCTGGAGA-1,Normal,Normal,0,HSC/MPP
Normal_ATAACGCAGTCGCCGT-1,Normal,Normal,0,HSC/MPP
Normal_ATAACGCCAGCGAACA-1,Normal,Normal,0,HSC/MPP
Normal_ATAACGCTCTGCAAGT-1,Normal,Normal,0,HSC/MPP
Normal_ATAAGAGTCTCGAGTA-1,Normal,Normal,0,HSC/MPP
Normal_ATAGACCGTCGTCTTC-1,Normal,Normal,0,HSC/MPP
Normal_ATCACGAAGTGTGGCA-1,Normal,Normal,0,HSC/MPP
Normal_ATCCGAAGTGTCTGAT-1,Normal,Normal,0,HSC/MPP
Normal_ATCCGAAGTTCCCGAG-1,Normal,Normal,0,HSC/MPP
Normal_ATCCGAATCCGAACGC-1,Normal,Normal,0,HSC/MPP
Normal_ATCGAGTGTAGGAGTC-1,Normal,Normal,0,HSC/MPP
Normal_ATCGAGTTCGAGAGCA-1,Normal,Normal,0,Megakaryocyte precursor
Normal_ATCTACTAGACAAGCC-1,Normal,Normal,0,HSC/MPP
Normal_ATCTACTGTACCTACA-1,Normal,Normal,0,HSC/MPP
Normal_ATCTACTTCTTCATGT-1,Normal,Normal,0,HSC/MPP
Normal_ATCTGCCGTTGGTGGA-1,Normal,Normal,0,HSC/MPP
Normal_ATCTGCCTCACGAAGG-1,Normal,Normal,0,HSC/MPP
Normal_ATGAGGGTCGTTACAG-1,Normal,Normal,0,HSC/MPP
Normal_ATGAGGGTCTTTCCTC-1,Normal,Normal,0,HSC/MPP
Normal_ATGGGAGAGATTACCC-1,Normal,Normal,0,HSC/MPP
Normal_ATGGGAGCAGGTCCAC-1,Normal,Normal,0,HSC/MPP
Normal_ATGGGAGGTAGCACGA-1,Normal,Normal,0,HSC/MPP
Normal_ATGGGAGGTATCACCA-1,Normal,Normal,0,Megakaryocyte precursor
Normal_ATGTGTGGTGTGGCTC-1,Normal,Normal,0,HSC/MPP
Normal_ATGTGTGTCACGCGGT-1,Normal,Normal,0,HSC/MPP
Normal_ATTACTCCACGGTAGA-1,Normal,Normal,0,HSC/MPP
Normal_ATTATCCAGCTAACTC-1,Normal,Normal,0,HSC/MPP
Normal_ATTATCCTCTGTGCAA-1,Normal,Normal,0,HSC/MPP
Normal_ATTCTACGTATTCGTG-1,Normal,Normal,0,HSC/MPP
Normal_ATTGGACCATCCGTGG-1,Normal,Normal,0,HSC/MPP
Normal_ATTGGTGAGCAGACTG-1,Normal,Normal,0,HSC/MPP
Normal_ATTTCTGCAGGTTTCA-1,Normal,Normal,0,HSC/MPP
Normal_CAACCTCCACGCATCG-1,Normal,Normal,0,HSC/MPP
Normal_CAACTAGGTCTGCCAG-1,Normal,Normal,0,HSC/MPP
Normal_CAAGATCCAAGACGTG-1,Normal,Normal,0,HSC/MPP
Normal_CAAGATCGTATATGAG-1,Normal,Normal,3,Megakaryocyte-erythroid-mast cell progenitor
Normal_CAAGATCGTTGTACAC-1,Normal,Normal,0,HSC/MPP
Normal_CAAGATCTCACGCATA-1,Normal,Normal,0,HSC/MPP
Normal_CAAGGCCAGACCGGAT-1,Normal,Normal,0,HSC/MPP
Normal_CAAGGCCAGTTCGCAT-1,Normal,Normal,0,HSC/MPP
Normal_CAAGGCCGTCGCGAAA-1,Normal,Normal,0,HSC/MPP
Normal_CAAGTTGGTCATGCCG-1,Normal,Normal,0,HSC/MPP
Normal_CACAAACAGTACATGA-1,Normal,Normal,0,HSC/MPP
Normal_CACAAACCACTTCGAA-1,Normal,Normal,0,HSC/MPP
Normal_CACAAACGTCCGAGTC-1,Normal,Normal,0,HSC/MPP
Normal_CACACAAAGTTGTAGA-1,Normal,Normal,0,HSC/MPP
Normal_CACAGGCCACAAGTAA-1,Normal,Normal,0,HSC/MPP
Normal_CACAGGCTCGTGGACC-1,Normal,Normal,0,HSC/MPP
Normal_CACAGTAAGAACTCGG-1,Normal,Normal,0,HSC/MPP
Normal_CACAGTACAGCTCGCA-1,Normal,Normal,0,HSC/MPP
Normal_CACAGTACATTCGACA-1,Normal,Normal,0,HSC/MPP
Normal_CACATAGCAGCCTATA-1,Normal,Normal,0,HSC/MPP
Normal_CACATAGTCCAGTATG-1,Normal,Normal,0,HSC/MPP
Normal_CACATTTCAAGACACG-1,Normal,Normal,0,HSC/MPP
Normal_CACATTTGTTGATTGC-1,Normal,Normal,0,HSC/MPP
Normal_CACCACTCATGTAAGA-1,Normal,Normal,0,Megakaryocyte precursor
Normal_CACCACTTCAATACCG-1,Normal,Normal,0,HSC/MPP
Normal_CACCTTGCAATGACCT-1,Normal,Normal,0,HSC/MPP
Normal_CACCTTGTCTCAAACG-1,Normal,Normal,0,HSC/MPP
Normal_CACTCCAAGTACGTAA-1,Normal,Normal,0,HSC/MPP
Normal_CACTCCATCTTAGCCC-1,Normal,Normal,3,Early MK
Normal_CAGAATCCATGACGGA-1,Normal,Normal,0,HSC/MPP
Normal_CAGAATCTCCCAACGG-1,Normal,Normal,0,Megakaryocyte precursor
Normal_CAGAATCTCTGGTGTA-1,Normal,Normal,0,HSC/MPP
Normal_CAGAGAGGTGCATCTA-1,Normal,Normal,0,HSC/MPP
Normal_CAGATCACAGGTGGAT-1,Normal,Normal,0,HSC/MPP
Normal_CAGATCAGTAAGTTCC-1,Normal,Normal,0,Megakaryocyte precursor
Normal_CAGCCGAAGTGAAGTT-1,Normal,Normal,0,HSC/MPP
Normal_CAGCCGAGTAGGCTGA-1,Normal,Normal,0,HSC/MPP
Normal_CAGCCGATCCACTGGG-1,Normal,Normal,0,HSC/MPP
Normal_CAGCGACAGACATAAC-1,Normal,Normal,0,HSC/MPP
Normal_CAGCGACCAAGCGCTC-1,Normal,Normal,0,HSC/MPP
Normal_CAGCGACGTCACCCAG-1,Normal,Normal,0,HSC/MPP
Normal_CAGCTGGCAACTGCGC-1,Normal,Normal,0,HSC/MPP
Normal_CAGGTGCAGACAGAGA-1,Normal,Normal,0,HSC/MPP
Normal_CAGGTGCAGGCAAAGA-1,Normal,Normal,0,HSC/MPP
Normal_CAGGTGCCAGATAATG-1,Normal,Normal,0,HSC/MPP
Normal_CAGTAACCACTAGTAC-1,Normal,Normal,0,HSC/MPP
Normal_CAGTAACTCCGTCATC-1,Normal,Normal,0,HSC/MPP
Normal_CAGTCCTAGATCCTGT-1,Normal,Normal,0,HSC/MPP
Normal_CATATGGCACTGTTAG-1,Normal,Normal,0,HSC/MPP
Normal_CATATGGCAGGTGCCT-1,Normal,Normal,0,HSC/MPP
Normal_CATATGGTCCCGGATG-1,Normal,Normal,0,HSC/MPP
Normal_CATATTCAGCTAACAA-1,Normal,Normal,0,Megakaryocyte precursor
Normal_CATATTCAGTGTCCCG-1,Normal,Normal,2,Early erythroid
Normal_CATCCACGTCGAGTTT-1,Normal,Normal,0,HSC/MPP
Normal_CATCCACGTTCACCTC-1,Normal,Normal,0,HSC/MPP
Normal_CATCGAATCCACGACG-1,Normal,Normal,0,HSC/MPP
Normal_CATCGGGAGGACGAAA-1,Normal,Normal,1,HSC/MPP
Normal_CATGACAAGAGGTACC-1,Normal,Normal,0,HSC/MPP
Normal_CATGACACAATGGATA-1,Normal,Normal,0,HSC/MPP
Normal_CATGCCTTCTGACCTC-1,Normal,Normal,3,Early MK
Normal_CATTATCAGCAGACTG-1,Normal,Normal,0,Megakaryocyte precursor
Normal_CATTATCCACAAGCCC-1,Normal,Normal,0,HSC/MPP
Normal_CATTATCGTTCACGGC-1,Normal,Normal,0,HSC/MPP
Normal_CATTCGCCATGCAACT-1,Normal,Normal,0,HSC/MPP
Normal_CATTCGCGTAGAGCTG-1,Normal,Normal,0,HSC/MPP
Normal_CATTCGCTCGAATGCT-1,Normal,Normal,0,HSC/MPP
Normal_CATTCGCTCGTCGTTC-1,Normal,Normal,0,HSC/MPP
Normal_CCAATCCCACCGAATT-1,Normal,Normal,0,HSC/MPP
Normal_CCAATCCCAGCCTTGG-1,Normal,Normal,0,HSC/MPP
Normal_CCAATCCGTTAAGATG-1,Normal,Normal,0,HSC/MPP
Normal_CCAATCCTCCGTACAA-1,Normal,Normal,0,HSC/MPP
Normal_CCACCTAAGCTCCTCT-1,Normal,Normal,0,HSC/MPP
Normal_CCACCTACACCGCTAG-1,Normal,Normal,0,HSC/MPP
Normal_CCACCTACATGGATGG-1,Normal,Normal,0,Megakaryocyte precursor
Normal_CCACCTAGTATCAGTC-1,Normal,Normal,0,HSC/MPP
Normal_CCACGGACAGCTGCTG-1,Normal,Normal,0,HSC/MPP
Normal_CCACTACAGACAGGCT-1,Normal,Normal,0,HSC/MPP
Normal_CCACTACGTTATCGGT-1,Normal,Normal,0,HSC/MPP
Normal_CCACTACTCAAACGGG-1,Normal,Normal,0,HSC/MPP
Normal_CCACTACTCTCCAGGG-1,Normal,Normal,0,HSC/MPP
Normal_CCAGCGAAGTCCATAC-1,Normal,Normal,0,HSC/MPP
Normal_CCATGTCAGTCCAGGA-1,Normal,Normal,2,Mid erythroid
Normal_CCATGTCCAGTTCCCT-1,Normal,Normal,0,HSC/MPP
Normal_CCATGTCGTTATTCTC-1,Normal,Normal,0,HSC/MPP
Normal_CCATGTCTCGCTTGTC-1,Normal,Normal,0,HSC/MPP
Normal_CCATTCGCACATGGGA-1,Normal,Normal,0,HSC/MPP
Normal_CCATTCGCAGATCCAT-1,Normal,Normal,0,HSC/MPP
Normal_CCCAATCTCATAGCAC-1,Normal,Normal,0,HSC/MPP
Normal_CCCAGTTGTTAAGACA-1,Normal,Normal,0,HSC/MPP
Normal_CCCATACAGGAGTCTG-1,Normal,Normal,0,HSC/MPP
Normal_CCCTCCTAGCCTCGTG-1,Normal,Normal,0,Megakaryocyte precursor
Normal_CCCTCCTCAATGGAGC-1,Normal,Normal,0,HSC/MPP
Normal_CCGGGATTCAAGGCTT-1,Normal,Normal,0,HSC/MPP
Normal_CCGGGATTCTACGAGT-1,Normal,Normal,0,HSC/MPP
Normal_CCGGGATTCTCGTATT-1,Normal,Normal,0,HSC/MPP
Normal_CCGGTAGAGTACATGA-1,Normal,Normal,0,HSC/MPP
Normal_CCGGTAGTCTGAGTGT-1,Normal,Normal,0,HSC/MPP
Normal_CCGTGGACAGAAGCAC-1,Normal,Normal,0,HSC/MPP
Normal_CCGTTCACACAGCGTC-1,Normal,Normal,3,Early MK
Normal_CCTACACGTTTGTTGG-1,Normal,Normal,0,HSC/MPP
Normal_CCTACACTCGTACGGC-1,Normal,Normal,0,HSC/MPP
Normal_CCTACCAAGGATATAC-1,Normal,Normal,0,HSC/MPP
Normal_CCTACCAAGGTAGCTG-1,Normal,Normal,0,HSC/MPP
Normal_CCTAGCTAGTTCGCAT-1,Normal,Normal,0,HSC/MPP
Normal_CCTAGCTGTAAGGGCT-1,Normal,Normal,0,HSC/MPP
Normal_CCTCAGTTCCTTTCTC-1,Normal,Normal,0,HSC/MPP
Normal_CCTCAGTTCTGCGTAA-1,Normal,Normal,0,HSC/MPP
Normal_CCTTACGGTCGAGTTT-1,Normal,Normal,0,HSC/MPP
Normal_CCTTACGTCGTGACAT-1,Normal,Normal,0,HSC/MPP
Normal_CCTTCCCAGCGAAGGG-1,Normal,Normal,0,HSC/MPP
Normal_CCTTTCTAGAAACGCC-1,Normal,Normal,0,HSC/MPP
Normal_CCTTTCTCATGACGGA-1,Normal,Normal,0,HSC/MPP
Normal_CGAACATCACCCAGTG-1,Normal,Normal,0,HSC/MPP
Normal_CGAATGTCAGTCAGAG-1,Normal,Normal,0,HSC/MPP
Normal_CGACCTTAGTGTACCT-1,Normal,Normal,0,HSC/MPP
Normal_CGACTTCCAGCGATCC-1,Normal,Normal,0,HSC/MPP
Normal_CGAGAAGAGCCAGTTT-1,Normal,Normal,0,HSC/MPP
Normal_CGAGCACCAAATTGCC-1,Normal,Normal,0,HSC/MPP
Normal_CGAGCCAAGGATCGCA-1,Normal,Normal,0,HSC/MPP
Normal_CGATGTAAGATCGATA-1,Normal,Normal,0,HSC/MPP
Normal_CGATGTAAGCGATTCT-1,Normal,Normal,0,HSC/MPP
Normal_CGATGTACATTCCTGC-1,Normal,Normal,0,HSC/MPP
Normal_CGCCAAGAGGGCTCTC-1,Normal,Normal,0,HSC/MPP
Normal_CGCCAAGTCATAGCAC-1,Normal,Normal,0,HSC/MPP
Normal_CGCCAAGTCTTCGAGA-1,Normal,Normal,0,HSC/MPP
Normal_CGCGGTAAGGCCATAG-1,Normal,Normal,0,HSC/MPP
Normal_CGCGGTAAGTCGTTTG-1,Normal,Normal,0,HSC/MPP
Normal_CGCGTTTAGAAACCTA-1,Normal,Normal,0,HSC/MPP
Normal_CGCGTTTAGACTAAGT-1,Normal,Normal,0,HSC/MPP
Normal_CGCTATCCAGATGGCA-1,Normal,Normal,0,HSC/MPP
Normal_CGCTGGAAGAAGGTTT-1,Normal,Normal,0,HSC/MPP
Normal_CGCTGGAAGCTAGTTC-1,Normal,Normal,0,HSC/MPP
Normal_CGCTGGACACCCTATC-1,Normal,Normal,0,HSC/MPP
Normal_CGCTTCAGTTATGCGT-1,Normal,Normal,0,HSC/MPP
Normal_CGCTTCATCGCCTGTT-1,Normal,Normal,0,HSC/MPP
Normal_CGGACACCAAACCTAC-1,Normal,Normal,0,HSC/MPP
Normal_CGGACACCAGCGTTCG-1,Normal,Normal,1,HSC/MPP
Normal_CGGACGTTCTTAGCCC-1,Normal,Normal,0,HSC/MPP
Normal_CGGACTGAGTCAAGCG-1,Normal,Normal,0,HSC/MPP
Normal_CGGACTGCATAAAGGT-1,Normal,Normal,0,HSC/MPP
Normal_CGGAGCTGTAGCACGA-1,Normal,Normal,0,HSC/MPP
Normal_CGGAGCTTCTGCGGCA-1,Normal,Normal,0,HSC/MPP
Normal_CGGAGTCAGATGTCGG-1,Normal,Normal,0,HSC/MPP
Normal_CGGAGTCTCCTTGGTC-1,Normal,Normal,0,HSC/MPP
Normal_CGGCTAGAGATCGGGT-1,Normal,Normal,0,HSC/MPP
Normal_CGGGTCATCCGTACAA-1,Normal,Normal,0,HSC/MPP
Normal_CGGGTCATCGGATGGA-1,Normal,Normal,0,HSC/MPP
Normal_CGGTTAATCGTAGGAG-1,Normal,Normal,0,HSC/MPP
Normal_CGTAGCGAGTTAAGTG-1,Normal,Normal,0,HSC/MPP
Normal_CGTAGGCGTGAGGGAG-1,Normal,Normal,0,HSC/MPP
Normal_CGTCACTAGAGCAATT-1,Normal,Normal,0,HSC/MPP
Normal_CGTCACTGTCAGAGGT-1,Normal,Normal,0,HSC/MPP
Normal_CGTCACTGTTTAGCTG-1,Normal,Normal,0,HSC/MPP
Normal_CGTCACTTCCAGATCA-1,Normal,Normal,0,HSC/MPP
Normal_CGTCTACAGTTTGCGT-1,Normal,Normal,0,HSC/MPP
Normal_CGTGAGCCAATGTTGC-1,Normal,Normal,0,HSC/MPP
Normal_CGTGTAATCATCGATG-1,Normal,Normal,0,HSC/MPP
Normal_CGTGTCTGTACAGACG-1,Normal,Normal,0,HSC/MPP
Normal_CGTTAGACAAGGGTCA-1,Normal,Normal,0,HSC/MPP
Normal_CGTTAGAGTAAGGATT-1,Normal,Normal,0,HSC/MPP
Normal_CGTTAGATCCACTCCA-1,Normal,Normal,0,HSC/MPP
Normal_CGTTCTGAGCCCGAAA-1,Normal,Normal,0,HSC/MPP
Normal_CGTTCTGGTCCTGCTT-1,Normal,Normal,0,HSC/MPP
Normal_CGTTGGGCATTGGCGC-1,Normal,Normal,0,HSC/MPP
Normal_CGTTGGGGTATCACCA-1,Normal,Normal,0,HSC/MPP
Normal_CGTTGGGTCACCGTAA-1,Normal,Normal,0,HSC/MPP
Normal_CTAACTTCAGCCACCA-1,Normal,Normal,0,HSC/MPP
Normal_CTAAGACAGAAACCAT-1,Normal,Normal,0,HSC/MPP
Normal_CTAAGACCAATTGCTG-1,Normal,Normal,1,HSC/MPP
Normal_CTAAGACTCAAACCAC-1,Normal,Normal,0,Megakaryocyte precursor
Normal_CTAAGACTCGAATGGG-1,Normal,Normal,0,HSC/MPP
Normal_CTAATGGGTATAGTAG-1,Normal,Normal,0,HSC/MPP
Normal_CTAATGGTCAGCGATT-1,Normal,Normal,0,HSC/MPP
Normal_CTAATGGTCCTCATTA-1,Normal,Normal,0,HSC/MPP
Normal_CTACACCAGTGGTAAT-1,Normal,Normal,0,HSC/MPP
Normal_CTACACCAGTTGTCGT-1,Normal,Normal,0,HSC/MPP
Normal_CTACACCCATCTCCCA-1,Normal,Normal,0,HSC/MPP
Normal_CTACCCATCACATACG-1,Normal,Normal,0,Megakaryocyte precursor
Normal_CTACGTCCATGAACCT-1,Normal,Normal,0,HSC/MPP
Normal_CTACGTCGTAACGACG-1,Normal,Normal,0,HSC/MPP
Normal_CTAGAGTAGTGTCTCA-1,Normal,Normal,3,Early MK
Normal_CTAGCCTCAATCTACG-1,Normal,Normal,0,HSC/MPP
Normal_CTAGCCTTCACTCCTG-1,Normal,Normal,0,HSC/MPP
Normal_CTAGTGACATCGATGT-1,Normal,Normal,0,HSC/MPP
Normal_CTAGTGAGTTGTGGCC-1,Normal,Normal,0,Megakaryocyte precursor
Normal_CTCACACCAAACCCAT-1,Normal,Normal,0,HSC/MPP
Normal_CTCACACCAGATCTGT-1,Normal,Normal,0,HSC/MPP
Normal_CTCACACTCACCCGAG-1,Normal,Normal,0,HSC/MPP
Normal_CTCATTATCGGTCTAA-1,Normal,Normal,0,HSC/MPP
Normal_CTCCTAGAGACCTAGG-1,Normal,Normal,0,HSC/MPP
Normal_CTCGAGGAGTGAAGAG-1,Normal,Normal,0,HSC/MPP
Normal_CTCGGAGAGTGTGGCA-1,Normal,Normal,0,HSC/MPP
Normal_CTCGGGAAGACCTAGG-1,Normal,Normal,0,HSC/MPP
Normal_CTCGGGAAGCTGATAA-1,Normal,Normal,0,HSC/MPP
Normal_CTCGTACAGACCTAGG-1,Normal,Normal,0,HSC/MPP
Normal_CTCGTACGTTGTCTTT-1,Normal,Normal,0,HSC/MPP
Normal_CTCTGGTAGATCGGGT-1,Normal,Normal,0,HSC/MPP
Normal_CTCTGGTAGTTGAGAT-1,Normal,Normal,0,HSC/MPP
Normal_CTGAAACAGCCGGTAA-1,Normal,Normal,0,HSC/MPP
Normal_CTGAAACCATGCCCGA-1,Normal,Normal,0,Megakaryocyte precursor
Normal_CTGAAACTCAAACCAC-1,Normal,Normal,0,HSC/MPP
Normal_CTGAAGTAGGATGCGT-1,Normal,Normal,0,HSC/MPP
Normal_CTGAAGTCAAACTGCT-1,Normal,Normal,0,HSC/MPP
Normal_CTGAAGTTCGCTGATA-1,Normal,Normal,0,HSC/MPP
Normal_CTGAAGTTCTGATTCT-1,Normal,Normal,0,HSC/MPP
Normal_CTGATAGAGTCGTACT-1,Normal,Normal,0,HSC/MPP
Normal_CTGATCCAGGTGCACA-1,Normal,Normal,0,HSC/MPP
Normal_CTGCGGAAGAACTCGG-1,Normal,Normal,0,HSC/MPP
Normal_CTGGTCTGTACATGTC-1,Normal,Normal,0,HSC/MPP
Normal_CTGGTCTGTGCAACGA-1,Normal,Normal,0,HSC/MPP
Normal_CTGTTTACACAGCCCA-1,Normal,Normal,0,HSC/MPP
Normal_CTTAGGAGTTCACCTC-1,Normal,Normal,0,HSC/MPP
Normal_CTTAGGATCGTCGTTC-1,Normal,Normal,0,Megakaryocyte precursor
Normal_CTTCTCTAGGTAAACT-1,Normal,Normal,0,HSC/MPP
Normal_CTTCTCTGTACCGTAT-1,Normal,Normal,0,HSC/MPP
Normal_CTTCTCTGTCTTCGTC-1,Normal,Normal,0,HSC/MPP
Normal_CTTGGCTAGCCCAGCT-1,Normal,Normal,0,HSC/MPP
Normal_CTTGGCTCACATGTGT-1,Normal,Normal,0,HSC/MPP
Normal_CTTTGCGCAAGTAATG-1,Normal,Normal,0,HSC/MPP
Normal_CTTTGCGTCATGCAAC-1,Normal,Normal,0,HSC/MPP
Normal_CTTTGCGTCTAACGGT-1,Normal,Normal,0,HSC/MPP
Normal_GAAACTCAGAGGACGG-1,Normal,Normal,0,Megakaryocyte precursor
Normal_GAAACTCCATGCCCGA-1,Normal,Normal,0,HSC/MPP
Normal_GAAACTCGTCGTCTTC-1,Normal,Normal,0,HSC/MPP
Normal_GAACATCTCAGATAAG-1,Normal,Normal,0,Megakaryocyte precursor
Normal_GAACATCTCCAAGTAC-1,Normal,Normal,0,HSC/MPP
Normal_GAACCTAAGAGACTTA-1,Normal,Normal,0,HSC/MPP
Normal_GAACCTAAGTAATCCC-1,Normal,Normal,0,HSC/MPP
Normal_GAACCTATCAGCTTAG-1,Normal,Normal,0,HSC/MPP
Normal_GAAGCAGAGTGGTCCC-1,Normal,Normal,0,HSC/MPP
Normal_GAATAAGTCACTGGGC-1,Normal,Normal,0,HSC/MPP
Normal_GACACGCCAAGAAGAG-1,Normal,Normal,0,HSC/MPP
Normal_GACACGCTCAACTCTT-1,Normal,Normal,0,HSC/MPP
Normal_GACAGAGAGACTAAGT-1,Normal,Normal,0,HSC/MPP
Normal_GACAGAGAGACTTTCG-1,Normal,Normal,0,Megakaryocyte precursor
Normal_GACAGAGCACTAGTAC-1,Normal,Normal,0,HSC/MPP
Normal_GACAGAGGTAAGTGGC-1,Normal,Normal,0,HSC/MPP
Normal_GACAGAGGTGTCAATC-1,Normal,Normal,0,HSC/MPP
Normal_GACAGAGTCCTTTACA-1,Normal,Normal,0,HSC/MPP
Normal_GACCAATCAGTGGAGT-1,Normal,Normal,0,HSC/MPP
Normal_GACCTGGAGTGAAGTT-1,Normal,Normal,0,HSC/MPP
Normal_GACCTGGGTTTAGCTG-1,Normal,Normal,0,HSC/MPP
Normal_GACCTGGTCTACCTGC-1,Normal,Normal,0,HSC/MPP
Normal_GACGCGTAGTTGAGAT-1,Normal,Normal,0,HSC/MPP
Normal_GACGGCTTCACAATGC-1,Normal,Normal,0,Megakaryocyte precursor
Normal_GACGTGCCAGTAAGAT-1,Normal,Normal,0,HSC/MPP
Normal_GACGTGCGTTAAGATG-1,Normal,Normal,0,HSC/MPP
Normal_GACGTGCTCCAAAGTC-1,Normal,Normal,0,HSC/MPP
Normal_GACGTTAAGGATGTAT-1,Normal,Normal,0,HSC/MPP
Normal_GACGTTAGTGAGGGTT-1,Normal,Normal,0,HSC/MPP
Normal_GACTACAAGTCACGCC-1,Normal,Normal,0,HSC/MPP
Normal_GACTACACAGGCAGTA-1,Normal,Normal,0,HSC/MPP
Normal_GACTACAGTAAGGATT-1,Normal,Normal,0,HSC/MPP
Normal_GACTGCGCAGGGAGAG-1,Normal,Normal,0,HSC/MPP
Normal_GAGCAGAAGGCTAGGT-1,Normal,Normal,0,HSC/MPP
Normal_GAGCAGACAAGGCTCC-1,Normal,Normal,0,HSC/MPP
Normal_GAGGTGAGTGTAACGG-1,Normal,Normal,0,HSC/MPP
Normal_GAGGTGATCTTGACGA-1,Normal,Normal,0,HSC/MPP
Normal_GAGTCCGGTTCCATGA-1,Normal,Normal,0,HSC/MPP
Normal_GATCAGTGTCAGAAGC-1,Normal,Normal,0,HSC/MPP
Normal_GATCGCGCACGAAACG-1,Normal,Normal,0,HSC/MPP
Normal_GATCGCGGTGACGCCT-1,Normal,Normal,0,HSC/MPP
Normal_GATCGCGTCTATGTGG-1,Normal,Normal,0,Early MK
Normal_GATCGTACAACTGGCC-1,Normal,Normal,0,HSC/MPP
Normal_GATCGTATCGGATGTT-1,Normal,Normal,0,HSC/MPP
Normal_GATCTAGCACATGACT-1,Normal,Normal,0,HSC/MPP
Normal_GATGAAACACCCATGG-1,Normal,Normal,0,HSC/MPP
Normal_GATGAAAGTACTTCTT-1,Normal,Normal,0,Megakaryocyte precursor
Normal_GATGAGGAGCGTCAAG-1,Normal,Normal,0,HSC/MPP
Normal_GATGAGGAGTACTTGC-1,Normal,Normal,0,HSC/MPP
Normal_GATGCTACAGCATACT-1,Normal,Normal,0,HSC/MPP
Normal_GATTCAGCACTTAAGC-1,Normal,Normal,0,HSC/MPP
Normal_GCAAACTAGGGTATCG-1,Normal,Normal,0,HSC/MPP
Normal_GCAAACTTCGTCACGG-1,Normal,Normal,0,HSC/MPP
Normal_GCAATCACACCTTGTC-1,Normal,Normal,0,HSC/MPP
Normal_GCACATAGTACCAGTT-1,Normal,Normal,0,HSC/MPP
Normal_GCACATAGTACCGAGA-1,Normal,Normal,0,HSC/MPP
Normal_GCACATATCTCGCATC-1,Normal,Normal,0,HSC/MPP
Normal_GCACTCTAGACGCTTT-1,Normal,Normal,1,HSC/MPP
Normal_GCACTCTAGAGCTGGT-1,Normal,Normal,0,HSC/MPP
Normal_GCACTCTAGTGCCAGA-1,Normal,Normal,0,HSC/MPP
Normal_GCACTCTCATGCCTTC-1,Normal,Normal,0,HSC/MPP
Normal_GCAGCCACATTACGAC-1,Normal,Normal,0,HSC/MPP
Normal_GCAGTTAAGTGTTTGC-1,Normal,Normal,0,HSC/MPP
Normal_GCATACAAGTACATGA-1,Normal,Normal,0,HSC/MPP
Normal_GCATGATTCAACCAAC-1,Normal,Normal,0,HSC/MPP
Normal_GCATGCGAGCGATTCT-1,Normal,Normal,0,HSC/MPP
Normal_GCATGCGAGTGACATA-1,Normal,Normal,0,HSC/MPP
Normal_GCATGCGGTATCACCA-1,Normal,Normal,1,HSC/MPP
Normal_GCATGCGTCGCATGGC-1,Normal,Normal,0,Megakaryocyte precursor
Normal_GCATGCGTCGTTACAG-1,Normal,Normal,0,HSC/MPP
Normal_GCATGTAAGACCCACC-1,Normal,Normal,1,HSC/MPP
Normal_GCATGTAAGCCCTAAT-1,Normal,Normal,0,HSC/MPP
Normal_GCATGTAAGTGGTCCC-1,Normal,Normal,1,HSC/MPP
Normal_GCATGTACACGAGAGT-1,Normal,Normal,0,HSC/MPP
Normal_GCATGTAGTACAGACG-1,Normal,Normal,0,HSC/MPP
Normal_GCATGTAGTTACGACT-1,Normal,Normal,0,HSC/MPP
Normal_GCCAAATGTGGACGAT-1,Normal,Normal,0,HSC/MPP
Normal_GCGACCAGTAAATACG-1,Normal,Normal,0,Megakaryocyte precursor
Normal_GCGAGAACATGGTCAT-1,Normal,Normal,0,HSC/MPP
Normal_GCGCAACAGACTGGGT-1,Normal,Normal,0,HSC/MPP
Normal_GCGCAACCAATGCCAT-1,Normal,Normal,0,HSC/MPP
Normal_GCGCAGTAGATCCCGC-1,Normal,Normal,0,HSC/MPP
Normal_GCGCCAAAGAAGATTC-1,Normal,Normal,0,HSC/MPP
Normal_GCGCCAAGTAGGAGTC-1,Normal,Normal,0,HSC/MPP
Normal_GCGCCAATCTTTAGTC-1,Normal,Normal,0,HSC/MPP
Normal_GCGCGATGTATAAACG-1,Normal,Normal,0,HSC/MPP
Normal_GCGGGTTAGGTGCAAC-1,Normal,Normal,0,HSC/MPP
Normal_GCTCCTAGTGTGGCTC-1,Normal,Normal,0,HSC/MPP
Normal_GCTCTGTGTTACGGAG-1,Normal,Normal,0,HSC/MPP
Normal_GGAAAGCAGAGAACAG-1,Normal,Normal,0,HSC/MPP
Normal_GGAAAGCAGATGGGTC-1,Normal,Normal,0,HSC/MPP
Normal_GGAACTTAGCCACCTG-1,Normal,Normal,0,HSC/MPP
Normal_GGAACTTGTCAGAATA-1,Normal,Normal,0,Megakaryocyte precursor
Normal_GGAACTTTCTGAGTGT-1,Normal,Normal,0,HSC/MPP
Normal_GGAATAAAGGTAGCTG-1,Normal,Normal,0,HSC/MPP
Normal_GGAATAAAGTTATCGC-1,Normal,Normal,0,HSC/MPP
Normal_GGACAAGCACCACGTG-1,Normal,Normal,0,HSC/MPP
Normal_GGACAAGTCTTTAGGG-1,Normal,Normal,0,Megakaryocyte precursor
Normal_GGACATTAGCCAGAAC-1,Normal,Normal,0,HSC/MPP
Normal_GGACATTGTAGCTGCC-1,Normal,Normal,0,HSC/MPP
Normal_GGACATTTCAGTTAGC-1,Normal,Normal,0,HSC/MPP
Normal_GGACATTTCGTCACGG-1,Normal,Normal,0,HSC/MPP
Normal_GGAGCAAAGACTACAA-1,Normal,Normal,0,HSC/MPP
Normal_GGAGCAAGTATCTGCA-1,Normal,Normal,0,HSC/MPP
Normal_GGAGCAATCTGCTGTC-1,Normal,Normal,0,HSC/MPP
Normal_GGATGTTCAAGCGTAG-1,Normal,Normal,0,HSC/MPP
Normal_GGATGTTCAATGGTCT-1,Normal,Normal,0,HSC/MPP
Normal_GGATGTTTCTTATCTG-1,Normal,Normal,0,HSC/MPP
Normal_GGCAATTGTAAATGTG-1,Normal,Normal,0,HSC/MPP
Normal_GGCAATTGTTAGTGGG-1,Normal,Normal,0,HSC/MPP
Normal_GGCGACTAGCTCCCAG-1,Normal,Normal,0,HSC/MPP
Normal_GGCGACTAGTTCGATC-1,Normal,Normal,0,HSC/MPP
Normal_GGCGACTGTTCCACAA-1,Normal,Normal,0,HSC/MPP
Normal_GGCGTGTCATATACCG-1,Normal,Normal,0,HSC/MPP
Normal_GGCTCGAAGTGATCGG-1,Normal,Normal,0,HSC/MPP
Normal_GGCTCGAGTGGCGAAT-1,Normal,Normal,0,HSC/MPP
Normal_GGCTCGATCAAGGTAA-1,Normal,Normal,0,HSC/MPP
Normal_GGCTCGATCACAAACC-1,Normal,Normal,0,HSC/MPP
Normal_GGCTGGTGTGCGCTTG-1,Normal,Normal,0,HSC/MPP
Normal_GGGACCTCATCGGAAG-1,Normal,Normal,0,HSC/MPP
Normal_GGGACCTGTTAAAGAC-1,Normal,Normal,0,HSC/MPP
Normal_GGGAGATAGTGCCAGA-1,Normal,Normal,0,HSC/MPP
Normal_GGGATGAGTAAAGTCA-1,Normal,Normal,0,HSC/MPP
Normal_GGGATGATCAGCCTAA-1,Normal,Normal,0,HSC/MPP
Normal_GGGCACTAGTCTTGCA-1,Normal,Normal,0,HSC/MPP
Normal_GGGCATCAGGAGTAGA-1,Normal,Normal,0,HSC/MPP
Normal_GGGCATCAGGTGCAAC-1,Normal,Normal,0,HSC/MPP
Normal_GGGCATCTCTCGAGTA-1,Normal,Normal,0,HSC/MPP
Normal_GGGCATCTCTGCGGCA-1,Normal,Normal,0,HSC/MPP
Normal_GGGTCTGAGCACACAG-1,Normal,Normal,0,HSC/MPP
Normal_GGGTCTGAGCGATCCC-1,Normal,Normal,0,HSC/MPP
Normal_GGGTCTGTCTCTGTCG-1,Normal,Normal,2,Early erythroid
Normal_GGTATTGAGGTCGGAT-1,Normal,Normal,0,HSC/MPP
Normal_GGTATTGAGTGCCAGA-1,Normal,Normal,0,HSC/MPP
Normal_GGTATTGCATGAAGTA-1,Normal,Normal,0,HSC/MPP
Normal_GGTATTGGTAACGTTC-1,Normal,Normal,0,HSC/MPP
Normal_GGTATTGGTGGCCCTA-1,Normal,Normal,0,HSC/MPP
Normal_GGTATTGGTGGTCTCG-1,Normal,Normal,0,HSC/MPP
Normal_GGTATTGGTTACGCGC-1,Normal,Normal,0,HSC/MPP
Normal_GGTATTGGTTTAAGCC-1,Normal,Normal,0,HSC/MPP
Normal_GGTGAAGAGTACGTAA-1,Normal,Normal,0,Megakaryocyte precursor
Normal_GGTGAAGCAAGCTGGA-1,Normal,Normal,0,HSC/MPP
Normal_GGTGTTATCGTTTATC-1,Normal,Normal,0,HSC/MPP
Normal_GTAACTGTCCGCGTTT-1,Normal,Normal,0,HSC/MPP
Normal_GTACGTAGTATATCCG-1,Normal,Normal,0,HSC/MPP
Normal_GTACTCCAGTACGTTC-1,Normal,Normal,0,HSC/MPP
Normal_GTACTCCGTGTTGGGA-1,Normal,Normal,0,HSC/MPP
Normal_GTACTCCGTTCTGAAC-1,Normal,Normal,0,HSC/MPP
Normal_GTACTTTTCTGAAAGA-1,Normal,Normal,3,Megakaryocyte-erythroid-mast cell progenitor
Normal_GTATCTTAGCAGGCTA-1,Normal,Normal,0,HSC/MPP
Normal_GTATCTTCAAGCCTAT-1,Normal,Normal,0,HSC/MPP
Normal_GTATCTTCATCCGTGG-1,Normal,Normal,0,HSC/MPP
Normal_GTATTCTAGGATGTAT-1,Normal,Normal,3,Early MK
Normal_GTATTCTGTAACGCGA-1,Normal,Normal,0,Megakaryocyte precursor
Normal_GTATTCTGTGAAAGAG-1,Normal,Normal,3,Megakaryocyte-erythroid-mast cell progenitor
Normal_GTCAAGTAGTGTACGG-1,Normal,Normal,0,HSC/MPP
Normal_GTCAAGTCACCAGTTA-1,Normal,Normal,4,CMP
Normal_GTCAAGTTCGGCGGTT-1,Normal,Normal,0,Megakaryocyte precursor
Normal_GTCACAAAGCCAGTTT-1,Normal,Normal,0,HSC/MPP
Normal_GTCACGGAGTCAATAG-1,Normal,Normal,0,Megakaryocyte precursor
Normal_GTCACGGAGTTGAGAT-1,Normal,Normal,0,HSC/MPP
Normal_GTCACGGTCATGGTCA-1,Normal,Normal,0,HSC/MPP
Normal_GTCACGGTCGATCCCT-1,Normal,Normal,0,HSC/MPP
Normal_GTCATTTGTCTCAACA-1,Normal,Normal,0,HSC/MPP
Normal_GTCCTCAGTCTAGCGC-1,Normal,Normal,0,HSC/MPP
Normal_GTCGGGTCAGGCAGTA-1,Normal,Normal,0,HSC/MPP
Normal_GTCGGGTGTTGCGTTA-1,Normal,Normal,0,Megakaryocyte precursor
Normal_GTCGTAAAGCTTTGGT-1,Normal,Normal,0,HSC/MPP
Normal_GTCGTAAAGGGATACC-1,Normal,Normal,0,HSC/MPP
Normal_GTCGTAAAGTGCCATT-1,Normal,Normal,0,HSC/MPP
Normal_GTCGTAATCTTCTGGC-1,Normal,Normal,1,HSC/MPP
Normal_GTCGTAATCTTGTCAT-1,Normal,Normal,0,HSC/MPP
Normal_GTGCAGCAGATGAGAG-1,Normal,Normal,0,HSC/MPP
Normal_GTGCAGCAGTGGAGTC-1,Normal,Normal,0,HSC/MPP
Normal_GTGCATAAGAGAGCTC-1,Normal,Normal,0,HSC/MPP
Normal_GTGCATAAGCTGCAAG-1,Normal,Normal,0,Megakaryocyte precursor
Normal_GTGCATACAATAGCGG-1,Normal,Normal,0,HSC/MPP
Normal_GTGCGGTCACAAGACG-1,Normal,Normal,0,HSC/MPP
Normal_GTGCTTCCACGGACAA-1,Normal,Normal,0,HSC/MPP
Normal_GTGCTTCTCATCACCC-1,Normal,Normal,0,HSC/MPP
Normal_GTGCTTCTCCCAACGG-1,Normal,Normal,0,HSC/MPP
Normal_GTGGGTCCATGTAAGA-1,Normal,Normal,0,HSC/MPP
Normal_GTGTGCGAGGTGCTAG-1,Normal,Normal,0,HSC/MPP
Normal_GTGTGCGGTTACCAGT-1,Normal,Normal,0,HSC/MPP
Normal_GTTAAGCCACAGTCGC-1,Normal,Normal,0,HSC/MPP
Normal_GTTACAGAGCACGCCT-1,Normal,Normal,0,HSC/MPP
Normal_GTTACAGCACTCAGGC-1,Normal,Normal,0,HSC/MPP
Normal_GTTACAGGTTGGAGGT-1,Normal,Normal,0,HSC/MPP
Normal_GTTACAGTCAAAGACA-1,Normal,Normal,0,HSC/MPP
Normal_GTTACAGTCGTAGGAG-1,Normal,Normal,0,HSC/MPP
Normal_GTTCATTAGAGTAATC-1,Normal,Normal,0,HSC/MPP
Normal_GTTCGGGCACGTCTCT-1,Normal,Normal,0,HSC/MPP
Normal_GTTCTCGAGATGCCTT-1,Normal,Normal,0,HSC/MPP
Normal_GTTCTCGAGTGAATTG-1,Normal,Normal,0,HSC/MPP
Normal_GTTCTCGGTGCTCTTC-1,Normal,Normal,0,HSC/MPP
Normal_TAAGAGAAGTTTGCGT-1,Normal,Normal,0,HSC/MPP
Normal_TAAGAGATCCGCGCAA-1,Normal,Normal,0,HSC/MPP
Normal_TAAGCGTTCTGCAAGT-1,Normal,Normal,0,HSC/MPP
Normal_TAAGTGCTCCCTTGTG-1,Normal,Normal,0,Megakaryocyte precursor
Normal_TACAGTGCATCTCCCA-1,Normal,Normal,0,HSC/MPP
Normal_TACCTATCAAATACAG-1,Normal,Normal,0,HSC/MPP
Normal_TACCTATTCACAATGC-1,Normal,Normal,0,HSC/MPP
Normal_TACCTTAGTCTCTTTA-1,Normal,Normal,0,Megakaryocyte precursor
Normal_TACCTTAGTGTTTGGT-1,Normal,Normal,0,HSC/MPP
Normal_TACGGGCAGTAGGCCA-1,Normal,Normal,0,HSC/MPP
Normal_TACGGGCCATGGTCAT-1,Normal,Normal,0,HSC/MPP
Normal_TACGGGCGTAAGGATT-1,Normal,Normal,0,HSC/MPP
Normal_TACGGTAAGTGGTCCC-1,Normal,Normal,0,HSC/MPP
Normal_TACGGTACAAGCCGTC-1,Normal,Normal,0,HSC/MPP
Normal_TACGGTATCCGTTGCT-1,Normal,Normal,0,HSC/MPP
Normal_TACGGTATCGCGTAGC-1,Normal,Normal,0,HSC/MPP
Normal_TACGGTATCTATCCTA-1,Normal,Normal,0,HSC/MPP
Normal_TACTCATAGATCCCAT-1,Normal,Normal,0,HSC/MPP
Normal_TACTCATGTGTCAATC-1,Normal,Normal,0,HSC/MPP
Normal_TACTCATGTTAGTGGG-1,Normal,Normal,0,HSC/MPP
Normal_TACTTACAGCTGTTCA-1,Normal,Normal,0,HSC/MPP
Normal_TACTTACAGTACTTGC-1,Normal,Normal,0,HSC/MPP
Normal_TACTTACCAGACGCTC-1,Normal,Normal,3,Early MK
Normal_TACTTACTCATTATCC-1,Normal,Normal,0,HSC/MPP
Normal_TACTTACTCGCTTAGA-1,Normal,Normal,0,HSC/MPP
Normal_TACTTGTGTTAAAGAC-1,Normal,Normal,0,HSC/MPP
Normal_TAGACCATCCAGATCA-1,Normal,Normal,0,HSC/MPP
Normal_TAGACCATCTGGTGTA-1,Normal,Normal,0,HSC/MPP
Normal_TAGGCATCAGCTGTGC-1,Normal,Normal,0,HSC/MPP
Normal_TAGTTGGAGAGTAATC-1,Normal,Normal,0,HSC/MPP
Normal_TAGTTGGAGCTAAGAT-1,Normal,Normal,0,HSC/MPP
Normal_TAGTTGGCACCAGCAC-1,Normal,Normal,0,HSC/MPP
Normal_TAGTTGGCACTGTGTA-1,Normal,Normal,0,HSC/MPP
Normal_TAGTTGGGTTAAAGTG-1,Normal,Normal,0,HSC/MPP
Normal_TAGTTGGTCTCTAGGA-1,Normal,Normal,0,HSC/MPP
Normal_TATCAGGAGCCCTAAT-1,Normal,Normal,0,HSC/MPP
Normal_TATCAGGGTCTAGTCA-1,Normal,Normal,0,HSC/MPP
Normal_TATCAGGGTGCAACTT-1,Normal,Normal,0,Megakaryocyte precursor
Normal_TATCAGGTCTCCTATA-1,Normal,Normal,0,Megakaryocyte precursor
Normal_TATCTCACAAGTAGTA-1,Normal,Normal,0,HSC/MPP
Normal_TATCTCACAGAGCCAA-1,Normal,Normal,0,HSC/MPP
Normal_TATCTCAGTCTTCAAG-1,Normal,Normal,0,HSC/MPP
Normal_TATGCCCGTCCTCTTG-1,Normal,Normal,0,HSC/MPP
Normal_TATGCCCGTCGAACAG-1,Normal,Normal,0,HSC/MPP
Normal_TATGCCCTCAGCTGGC-1,Normal,Normal,0,HSC/MPP
Normal_TATTACCTCACTCTTA-1,Normal,Normal,0,HSC/MPP
Normal_TATTACCTCCTAAGTG-1,Normal,Normal,0,HSC/MPP
Normal_TCAATCTAGGAACTGC-1,Normal,Normal,0,HSC/MPP
Normal_TCACGAAAGCAATATG-1,Normal,Normal,0,HSC/MPP
Normal_TCACGAAAGCTGAACG-1,Normal,Normal,0,HSC/MPP
Normal_TCACGAAGTTGGGACA-1,Normal,Normal,0,HSC/MPP
Normal_TCACGAATCTCCTATA-1,Normal,Normal,0,HSC/MPP
Normal_TCACGAATCTGGTTCC-1,Normal,Normal,0,HSC/MPP
Normal_TCAGATGTCGGAAACG-1,Normal,Normal,0,HSC/MPP
Normal_TCAGCTCGTCGTGGCT-1,Normal,Normal,2,Mast cells
Normal_TCAGGATAGAGCAATT-1,Normal,Normal,0,HSC/MPP
Normal_TCAGGATAGGACCACA-1,Normal,Normal,0,HSC/MPP
Normal_TCAGGATCAAAGGAAG-1,Normal,Normal,0,HSC/MPP
Normal_TCAGGATGTTCTGTTT-1,Normal,Normal,0,HSC/MPP
Normal_TCAGGTACATCATCCC-1,Normal,Normal,0,HSC/MPP
Normal_TCATTACAGACAATAC-1,Normal,Normal,0,HSC/MPP
Normal_TCATTACCAGTGACAG-1,Normal,Normal,3,Early MK
Normal_TCATTACTCAAACGGG-1,Normal,Normal,0,HSC/MPP
Normal_TCATTTGCAATGTAAG-1,Normal,Normal,0,HSC/MPP
Normal_TCGAGGCAGATCGATA-1,Normal,Normal,0,HSC/MPP
Normal_TCGAGGCTCAACGGCC-1,Normal,Normal,0,HSC/MPP
Normal_TCGCGTTAGAGCTATA-1,Normal,Normal,0,HSC/MPP
Normal_TCGCGTTCAAGCTGAG-1,Normal,Normal,0,HSC/MPP
Normal_TCGGGACAGAATGTTG-1,Normal,Normal,0,HSC/MPP
Normal_TCGGTAACATGCGCAC-1,Normal,Normal,0,HSC/MPP
Normal_TCGTACCAGGATTCGG-1,Normal,Normal,0,HSC/MPP
Normal_TCGTACCAGTATCTCG-1,Normal,Normal,0,HSC/MPP
Normal_TCGTACCCAGTGACAG-1,Normal,Normal,0,HSC/MPP
Normal_TCTATTGCAGTGGGAT-1,Normal,Normal,0,HSC/MPP
Normal_TCTATTGGTTTAAGCC-1,Normal,Normal,0,HSC/MPP
Normal_TCTCATAAGTGTCCCG-1,Normal,Normal,0,HSC/MPP
Normal_TCTCATAGTGAGTATA-1,Normal,Normal,0,HSC/MPP
Normal_TCTCATAGTTATTCTC-1,Normal,Normal,0,HSC/MPP
Normal_TCTGAGATCCGTAGTA-1,Normal,Normal,0,HSC/MPP
Normal_TCTGGAAAGGCCGAAT-1,Normal,Normal,0,HSC/MPP
Normal_TCTGGAACAGTAGAGC-1,Normal,Normal,0,HSC/MPP
Normal_TCTTCGGTCCTAGGGC-1,Normal,Normal,0,HSC/MPP
Normal_TCTTTCCAGCGATTCT-1,Normal,Normal,0,HSC/MPP
Normal_TCTTTCCAGCTATGCT-1,Normal,Normal,0,HSC/MPP
Normal_TGAAAGACACTCTGTC-1,Normal,Normal,0,HSC/MPP
Normal_TGAAAGATCACTTATC-1,Normal,Normal,0,HSC/MPP
Normal_TGAAAGATCCTCGCAT-1,Normal,Normal,0,HSC/MPP
Normal_TGACAACGTTCTGGTA-1,Normal,Normal,0,HSC/MPP
Normal_TGACGGCAGGAATCGC-1,Normal,Normal,0,HSC/MPP
Normal_TGACGGCTCACCACCT-1,Normal,Normal,0,HSC/MPP
Normal_TGACTAGGTTCGGGCT-1,Normal,Normal,0,HSC/MPP
Normal_TGACTTTAGGAATCGC-1,Normal,Normal,0,HSC/MPP
Normal_TGACTTTGTTGCTCCT-1,Normal,Normal,0,HSC/MPP
Normal_TGACTTTTCATGTAGC-1,Normal,Normal,0,HSC/MPP
Normal_TGAGAGGAGTGTCCAT-1,Normal,Normal,0,HSC/MPP
Normal_TGAGCCGAGGGCATGT-1,Normal,Normal,0,HSC/MPP
Normal_TGAGGGAAGCGTAATA-1,Normal,Normal,0,HSC/MPP
Normal_TGAGGGATCGGCTTGG-1,Normal,Normal,0,HSC/MPP
Normal_TGCACCTAGGCTAGGT-1,Normal,Normal,0,Megakaryocyte precursor
Normal_TGCACCTCACGGACAA-1,Normal,Normal,0,HSC/MPP
Normal_TGCACCTCAGGGTACA-1,Normal,Normal,0,HSC/MPP
Normal_TGCACCTGTTGTGGCC-1,Normal,Normal,0,HSC/MPP
Normal_TGCCAAACAAGGACTG-1,Normal,Normal,0,HSC/MPP
Normal_TGCCAAATCTAACTCT-1,Normal,Normal,0,HSC/MPP
Normal_TGCCAAATCTTGAGGT-1,Normal,Normal,0,HSC/MPP
Normal_TGCCCATGTCATGCAT-1,Normal,Normal,0,HSC/MPP
Normal_TGCCCATTCAGAAATG-1,Normal,Normal,0,HSC/MPP
Normal_TGCCCTAGTGTGAATA-1,Normal,Normal,0,Megakaryocyte precursor
Normal_TGCGCAGCAGTCACTA-1,Normal,Normal,0,HSC/MPP
Normal_TGCGGGTCACCGAAAG-1,Normal,Normal,0,HSC/MPP
Normal_TGCGGGTTCGAGGTAG-1,Normal,Normal,0,Megakaryocyte precursor
Normal_TGCGTGGAGCGATTCT-1,Normal,Normal,0,HSC/MPP
Normal_TGCGTGGAGTCGCCGT-1,Normal,Normal,0,HSC/MPP
Normal_TGCGTGGCATGCAACT-1,Normal,Normal,0,HSC/MPP
Normal_TGCGTGGTCAGGCAAG-1,Normal,Normal,0,HSC/MPP
Normal_TGCTGCTCAATCACAC-1,Normal,Normal,0,HSC/MPP
Normal_TGGACGCAGCGTGTCC-1,Normal,Normal,0,HSC/MPP
Normal_TGGACGCCATCGGGTC-1,Normal,Normal,3,Early MK
Normal_TGGCCAGAGATATGCA-1,Normal,Normal,0,HSC/MPP
Normal_TGGCCAGTCAAGGTAA-1,Normal,Normal,0,HSC/MPP
Normal_TGGCGCATCATCGATG-1,Normal,Normal,0,HSC/MPP
Normal_TGGCGCATCTACTATC-1,Normal,Normal,0,HSC/MPP
Normal_TGGCTGGAGGTGTTAA-1,Normal,Normal,0,HSC/MPP
Normal_TGGCTGGTCTACTATC-1,Normal,Normal,0,HSC/MPP
Normal_TGGTTAGCACGTGAGA-1,Normal,Normal,0,Megakaryocyte precursor
Normal_TGGTTAGCATGGTTGT-1,Normal,Normal,0,HSC/MPP
Normal_TGGTTAGTCGATCCCT-1,Normal,Normal,0,HSC/MPP
Normal_TGGTTCCCAGACGCTC-1,Normal,Normal,0,HSC/MPP
Normal_TGTATTCTCAGCACAT-1,Normal,Normal,0,HSC/MPP
Normal_TGTCCCAGTGTGCCTG-1,Normal,Normal,3,Early MK
Normal_TGTGGTATCGCGCCAA-1,Normal,Normal,0,HSC/MPP
Normal_TGTGGTATCTTAGCCC-1,Normal,Normal,0,HSC/MPP
Normal_TGTGTTTAGACAAGCC-1,Normal,Normal,0,HSC/MPP
Normal_TGTGTTTGTAAGAGGA-1,Normal,Normal,0,HSC/MPP
Normal_TGTGTTTTCATTGCGA-1,Normal,Normal,0,HSC/MPP
Normal_TGTTCCGAGATCCTGT-1,Normal,Normal,0,HSC/MPP
Normal_TGTTCCGGTCATGCCG-1,Normal,Normal,0,Megakaryocyte precursor
Normal_TGTTCCGGTCTCTCGT-1,Normal,Normal,0,HSC/MPP
Normal_TGTTCCGGTTGGACCC-1,Normal,Normal,0,HSC/MPP
Normal_TTAACTCGTGCTCTTC-1,Normal,Normal,0,HSC/MPP
Normal_TTAACTCTCAAGCCTA-1,Normal,Normal,0,HSC/MPP
Normal_TTAACTCTCCAAACTG-1,Normal,Normal,0,HSC/MPP
Normal_TTAGGACGTAAGTTCC-1,Normal,Normal,2,Mid erythroid
Normal_TTAGGCAAGAATCTCC-1,Normal,Normal,0,Early MK
Normal_TTAGGCAAGCCACTAT-1,Normal,Normal,0,HSC/MPP
Normal_TTAGGCATCATCATTC-1,Normal,Normal,0,HSC/MPP
Normal_TTAGTTCCAACACGCC-1,Normal,Normal,0,HSC/MPP
Normal_TTATGCTAGAAGCCCA-1,Normal,Normal,0,HSC/MPP
Normal_TTATGCTAGGGTTTCT-1,Normal,Normal,0,HSC/MPP
Normal_TTATGCTCAAGTTCTG-1,Normal,Normal,0,HSC/MPP
Normal_TTATGCTCATATGCTG-1,Normal,Normal,0,HSC/MPP
Normal_TTATGCTTCCTTAATC-1,Normal,Normal,0,HSC/MPP
Normal_TTCGAAGCACGGCCAT-1,Normal,Normal,0,HSC/MPP
Normal_TTCGGTCGTCTAGAGG-1,Normal,Normal,0,HSC/MPP
Normal_TTCGGTCTCCAGGGCT-1,Normal,Normal,0,HSC/MPP
Normal_TTCTACAAGCAGGCTA-1,Normal,Normal,3,Early MK
Normal_TTCTCAAAGACACGAC-1,Normal,Normal,0,HSC/MPP
Normal_TTCTCCTAGCAGGTCA-1,Normal,Normal,0,HSC/MPP
Normal_TTCTCCTGTGTTTGTG-1,Normal,Normal,0,HSC/MPP
Normal_TTCTCCTTCATACGGT-1,Normal,Normal,0,HSC/MPP
Normal_TTCTTAGAGGGTATCG-1,Normal,Normal,0,HSC/MPP
Normal_TTCTTAGAGTTATCGC-1,Normal,Normal,0,HSC/MPP
Normal_TTCTTAGTCAGTTCGA-1,Normal,Normal,0,HSC/MPP
Normal_TTGAACGTCTCTAGGA-1,Normal,Normal,0,Megakaryocyte precursor
Normal_TTGACTTTCCGAATGT-1,Normal,Normal,0,Megakaryocyte precursor
Normal_TTGACTTTCTCAACTT-1,Normal,Normal,0,HSC/MPP
Normal_TTGCCGTCATTCCTCG-1,Normal,Normal,0,Megakaryocyte precursor
Normal_TTGCCGTTCAGTCAGT-1,Normal,Normal,0,HSC/MPP
Normal_TTGCCGTTCCTAAGTG-1,Normal,Normal,0,HSC/MPP
Normal_TTGCGTCTCAGCGATT-1,Normal,Normal,0,HSC/MPP
Normal_TTGGAACCAGAAGCAC-1,Normal,Normal,0,HSC/MPP
Normal_TTGGAACGTCGCATAT-1,Normal,Normal,0,HSC/MPP
Normal_TTGGAACTCCGTCATC-1,Normal,Normal,0,HSC/MPP
Normal_TTGTAGGCAGATGGGT-1,Normal,Normal,0,HSC/MPP
Normal_TTTACTGGTAGCGTGA-1,Normal,Normal,0,HSC/MPP
Normal_TTTACTGGTCCGTGAC-1,Normal,Normal,0,HSC/MPP
Normal_TTTACTGTCGGCTTGG-1,Normal,Normal,0,HSC/MPP
Normal_TTTATGCTCAACTCTT-1,Normal,Normal,0,HSC/MPP
Normal_TTTATGCTCATGCTCC-1,Normal,Normal,0,HSC/MPP
Normal_TTTCCTCTCTGCAAGT-1,Normal,Normal,0,HSC/MPP
Normal_TTTGCGCTCCGTTGTC-1,Normal,Normal,0,HSC/MPP
Normal_TTTGCGCTCTTCATGT-1,Normal,Normal,0,HSC/MPP
Normal_TTTGGTTGTATCACCA-1,Normal,Normal,0,HSC/MPP
Normal_TTTGTCACATTATCTC-1,Normal,Normal,0,HSC/MPP
Normal_TTTGTCAGTCGGGTCT-1,Normal,Normal,0,HSC/MPP
Leukemia_AAACCTGCAACTGCTA-1,Leukemia,Leukemia,1,HSC/MPP
Leukemia_AAACCTGGTAGGGTAC-1,Leukemia,Leukemia,1,HSC/MPP
Leukemia_AAACCTGTCATGCATG-1,Leukemia,Leukemia,1,HSC/MPP
Leukemia_AAACGGGAGGTTACCT-1,Leukemia,Leukemia,1,HSC/MPP
Leukemia_AAACGGGCAGGACCCT-1,Leukemia,Leukemia,3,HSC/MPP
Leukemia_AAACGGGGTATTCGTG-1,Leukemia,Leukemia,1,HSC/MPP
Leukemia_AAAGATGCAAGAAGAG-1,Leukemia,Leukemia,3,Megakaryocyte-erythroid-mast cell progenitor
Leukemia_AAAGATGCAGTAACGG-1,Leukemia,Leukemia,1,HSC/MPP
Leukemia_AAAGATGCAGTCCTTC-1,Leukemia,Leukemia,2,Mid erythroid
Leukemia_AAAGCAAAGACTAGGC-1,Leukemia,Leukemia,2,Mast cells
Leukemia_AAAGCAAAGATGTCGG-1,Leukemia,Leukemia,1,HSC/MPP
Leukemia_AAAGTAGCAAGCTGTT-1,Leukemia,Leukemia,4,CMP
Leukemia_AAAGTAGCACCCATGG-1,Leukemia,Leukemia,1,HSC/MPP
Leukemia_AAAGTAGGTTCCATGA-1,Leukemia,Leukemia,1,HSC/MPP
Leukemia_AAATGCCAGATCACGG-1,Leukemia,Leukemia,1,HSC/MPP
Leukemia_AAATGCCAGCGCCTCA-1,Leukemia,Leukemia,2,Mast cells
Leukemia_AAATGCCAGTAATCCC-1,Leukemia,Leukemia,2,Mast cells
Leukemia_AAATGCCCATGAACCT-1,Leukemia,Leukemia,1,HSC/MPP
Leukemia_AACACGTGTATTACCG-1,Leukemia,Leukemia,2,Early erythroid
Leukemia_AACACGTGTTATCACG-1,Leukemia,Leukemia,1,HSC/MPP
Leukemia_AACCATGTCACAAACC-1,Leukemia,Leukemia,1,HSC/MPP
Leukemia_AACCGCGCACACCGAC-1,Leukemia,Leukemia,1,HSC/MPP
Leukemia_AACCGCGGTAAGTTCC-1,Leukemia,Leukemia,1,HSC/MPP
Leukemia_AACCGCGGTACTTAGC-1,Leukemia,Leukemia,4,CMP
Leukemia_AACCGCGGTAGCTAAA-1,Leukemia,Leukemia,2,Early erythroid
Leukemia_AACCGCGGTCTTGATG-1,Leukemia,Leukemia,2,Mast cells
Leukemia_AACGTTGAGCTAGGCA-1,Leukemia,Leukemia,1,HSC/MPP
Leukemia_AACGTTGCAGACAAGC-1,Leukemia,Leukemia,1,HSC/MPP
Leukemia_AACTCAGAGCCGTCGT-1,Leukemia,Leukemia,1,HSC/MPP
Leukemia_AACTCAGGTAAATGAC-1,Leukemia,Leukemia,1,HSC/MPP
Leukemia_AACTCCCAGGGAAACA-1,Leukemia,Leukemia,1,HSC/MPP
Leukemia_AACTCTTAGAAACGAG-1,Leukemia,Leukemia,1,HSC/MPP
Leukemia_AACTCTTAGAAGGGTA-1,Leukemia,Leukemia,1,HSC/MPP
Leukemia_AACTCTTGTTACGGAG-1,Leukemia,Leukemia,2,Mid erythroid
Leukemia_AACTGGTGTACTCGCG-1,Leukemia,Leukemia,1,HSC/MPP
Leukemia_AACTGGTGTCCAAGTT-1,Leukemia,Leukemia,1,HSC/MPP
Leukemia_AACTGGTTCACAACGT-1,Leukemia,Leukemia,1,HSC/MPP
Leukemia_AACTTTCTCGTCCAGG-1,Leukemia,Leukemia,1,HSC/MPP
Leukemia_AAGACCTCACATTAGC-1,Leukemia,Leukemia,2,Mid erythroid
Leukemia_AAGCCGCAGATGAGAG-1,Leukemia,Leukemia,2,Early erythroid
Leukemia_AAGCCGCAGCAGACTG-1,Leukemia,Leukemia,1,HSC/MPP
Leukemia_AAGGAGCGTCATATGC-1,Leukemia,Leukemia,3,Early MK
Leukemia_AAGGAGCGTCGAGATG-1,Leukemia,Leukemia,2,Mid erythroid
Leukemia_AAGGCAGAGGTGCTAG-1,Leukemia,Leukemia,1,HSC/MPP
Leukemia_AAGGCAGGTAAGGATT-1,Leukemia,Leukemia,4,CMP
Leukemia_AAGGCAGGTCCAGTGC-1,Leukemia,Leukemia,3,Early MK
Leukemia_AAGGCAGGTCTCTCTG-1,Leukemia,Leukemia,1,HSC/MPP
Leukemia_AAGGCAGGTGGTAACG-1,Leukemia,Leukemia,2,Mid erythroid
Leukemia_AAGGCAGTCTTGCATT-1,Leukemia,Leukemia,2,Early erythroid
Leukemia_AAGGTTCAGGCGACAT-1,Leukemia,Leukemia,3,Megakaryocyte precursor
Leukemia_AAGGTTCGTCTGGAGA-1,Leukemia,Leukemia,1,HSC/MPP
Leukemia_AAGTCTGCAATTCCTT-1,Leukemia,Leukemia,2,Early erythroid
Leukemia_AATCCAGCAAGGGTCA-1,Leukemia,Leukemia,4,CMP
Leukemia_ACACCCTAGGGTGTGT-1,Leukemia,Leukemia,2,Early erythroid
Leukemia_ACACCCTCACATTAGC-1,Leukemia,Leukemia,2,Mast cells
Leukemia_ACACCCTCACCAGGCT-1,Leukemia,Leukemia,1,HSC/MPP
Leukemia_ACACCCTCATCTGGTA-1,Leukemia,Leukemia,2,Mid erythroid
Leukemia_ACACCGGGTTGGTTTG-1,Leukemia,Leukemia,1,HSC/MPP
Leukemia_ACACTGAAGACAAGCC-1,Leukemia,Leukemia,1,HSC/MPP
Leukemia_ACACTGAAGAGGGATA-1,Leukemia,Leukemia,1,HSC/MPP
Leukemia_ACACTGACACCAGGCT-1,Leukemia,Leukemia,2,Early erythroid
Leukemia_ACACTGAGTTGTGGAG-1,Leukemia,Leukemia,3,Megakaryocyte precursor
Leukemia_ACAGCCGAGCCACGCT-1,Leukemia,Leukemia,2,Mid erythroid
Leukemia_ACAGCTAAGTGGGATC-1,Leukemia,Leukemia,2,Early erythroid
Leukemia_ACAGCTACAGGGTATG-1,Leukemia,Leukemia,1,HSC/MPP
Leukemia_ACAGCTATCCAGGGCT-1,Leukemia,Leukemia,1,HSC/MPP
Leukemia_ACATACGAGTAAGTAC-1,Leukemia,Leukemia,1,HSC/MPP
Leukemia_ACATACGCAAGGTTTC-1,Leukemia,Leukemia,2,Mid erythroid
Leukemia_ACATACGCACCATGTA-1,Leukemia,Leukemia,4,CMP
Leukemia_ACATACGCAGCGATCC-1,Leukemia,Leukemia,3,Megakaryocyte precursor
Leukemia_ACATCAGTCAGGTAAA-1,Leukemia,Leukemia,4,CMP
Leukemia_ACATGGTAGGTCATCT-1,Leukemia,Leukemia,3,Megakaryocyte precursor
Leukemia_ACATGGTGTACCGAGA-1,Leukemia,Leukemia,1,HSC/MPP
Leukemia_ACATGGTTCCAACCAA-1,Leukemia,Leukemia,3,HSC/MPP
Leukemia_ACCAGTAGTGACTCAT-1,Leukemia,Leukemia,1,HSC/MPP
Leukemia_ACCAGTATCGCGCCAA-1,Leukemia,Leukemia,1,HSC/MPP
Leukemia_ACCCACTGTACATCCA-1,Leukemia,Leukemia,2,Mid erythroid
Leukemia_ACCCACTTCTGTCAAG-1,Leukemia,Leukemia,2,Mid erythroid
Leukemia_ACCCACTTCTTGAGAC-1,Leukemia,Leukemia,3,Megakaryocyte precursor
Leukemia_ACCGTAACAACTTGAC-1,Leukemia,Leukemia,1,HSC/MPP
Leukemia_ACCGTAAGTCTGATTG-1,Leukemia,Leukemia,2,Mast cells
Leukemia_ACCTTTACAAGTAATG-1,Leukemia,Leukemia,1,HSC/MPP
Leukemia_ACCTTTAGTGTGAAAT-1,Leukemia,Leukemia,1,HSC/MPP
Leukemia_ACGAGCCTCGCTTGTC-1,Leukemia,Leukemia,2,Mid erythroid
Leukemia_ACGAGGACACGTGAGA-1,Leukemia,Leukemia,4,CMP
Leukemia_ACGAGGATCATGTCCC-1,Leukemia,Leukemia,1,HSC/MPP
Leukemia_ACGATACAGCATCATC-1,Leukemia,Leukemia,2,Mid erythroid
Leukemia_ACGATGTGTCACCTAA-1,Leukemia,Leukemia,4,HSC/MPP
Leukemia_ACGATGTGTGCCTGTG-1,Leukemia,Leukemia,2,Early erythroid
Leukemia_ACGATGTTCGGATGTT-1,Leukemia,Leukemia,3,Early erythroid
Leukemia_ACGCCAGAGATGTTAG-1,Leukemia,Leukemia,2,Early erythroid
Leukemia_ACGCCGACATCGACGC-1,Leukemia,Leukemia,1,HSC/MPP
Leukemia_ACGCCGAGTCTACCTC-1,Leukemia,Leukemia,1,HSC/MPP
Leukemia_ACGCCGAGTGTCAATC-1,Leukemia,Leukemia,2,Mid erythroid
Leukemia_ACGCCGATCAATACCG-1,Leukemia,Leukemia,2,Mid erythroid
Leukemia_ACGCCGATCGGACAAG-1,Leukemia,Leukemia,3,Megakaryocyte-erythroid-mast cell progenitor
Leukemia_ACGGCCAAGTTATCGC-1,Leukemia,Leukemia,1,HSC/MPP
Leukemia_ACGGGCTAGCGACGTA-1,Leukemia,Leukemia,1,HSC/MPP
Leukemia_ACGGGCTAGCTAGCCC-1,Leukemia,Leukemia,4,CMP
Leukemia_ACGGGCTAGTAACCCT-1,Leukemia,Leukemia,1,HSC/MPP
Leukemia_ACGGGCTGTCACACGC-1,Leukemia,Leukemia,3,Megakaryocyte precursor
Leukemia_ACTATCTAGGGAAACA-1,Leukemia,Leukemia,3,Megakaryocyte precursor
Leukemia_ACTGAACTCTTACCTA-1,Leukemia,Leukemia,1,HSC/MPP
Leukemia_ACTGAGTAGTGTTTGC-1,Leukemia,Leukemia,1,HSC/MPP
Leukemia_ACTGCTCAGCTGGAAC-1,Leukemia,Leukemia,4,CMP
Leukemia_ACTGCTCCAACCGCCA-1,Leukemia,Leukemia,4,CMP
Leukemia_ACTGCTCCATTCACTT-1,Leukemia,Leukemia,4,CMP
Leukemia_ACTGCTCGTACATGTC-1,Leukemia,Leukemia,3,Early erythroid
Leukemia_ACTTACTAGGCGATAC-1,Leukemia,Leukemia,1,HSC/MPP
Leukemia_ACTTGTTAGGACCACA-1,Leukemia,Leukemia,1,HSC/MPP
Leukemia_ACTTTCAAGCGTGAGT-1,Leukemia,Leukemia,2,Mid erythroid
Leukemia_ACTTTCAAGGACCACA-1,Leukemia,Leukemia,2,Mid erythroid
Leukemia_ACTTTCATCCATGCTC-1,Leukemia,Leukemia,3,Megakaryocyte precursor
Leukemia_ACTTTCATCCGCAGTG-1,Leukemia,Leukemia,1,HSC/MPP
Leukemia_AGAATAGTCGTTGCCT-1,Leukemia,Leukemia,2,Mast cells
Leukemia_AGACGTTAGCTAGTTC-1,Leukemia,Leukemia,1,HSC/MPP
Leukemia_AGACGTTCAATAGAGT-1,Leukemia,Leukemia,1,HSC/MPP
Leukemia_AGACGTTCACATGACT-1,Leukemia,Leukemia,1,HSC/MPP
Leukemia_AGACGTTTCCCGGATG-1,Leukemia,Leukemia,2,Mid erythroid
Leukemia_AGAGCGACATACGCTA-1,Leukemia,Leukemia,1,HSC/MPP
Leukemia_AGAGCGACATATACCG-1,Leukemia,Leukemia,1,HSC/MPP
Leukemia_AGAGCGAGTTCCACTC-1,Leukemia,Leukemia,3,Early erythroid
Leukemia_AGAGCGATCGTTACGA-1,Leukemia,Leukemia,3,Early MK
Leukemia_AGAGCGATCTTTACGT-1,Leukemia,Leukemia,1,HSC/MPP
Leukemia_AGAGCTTCAACGCACC-1,Leukemia,Leukemia,2,Early erythroid
Leukemia_AGAGCTTTCGCGGATC-1,Leukemia,Leukemia,2,Early erythroid
Leukemia_AGAGTGGTCCTTAATC-1,Leukemia,Leukemia,2,Mid erythroid
Leukemia_AGAGTGGTCGGGAGTA-1,Leukemia,Leukemia,1,HSC/MPP
Leukemia_AGATCTGGTAAGGATT-1,Leukemia,Leukemia,1,HSC/MPP
Leukemia_AGATCTGGTCACCTAA-1,Leukemia,Leukemia,1,HSC/MPP
Leukemia_AGATCTGGTTCCACAA-1,Leukemia,Leukemia,3,Megakaryocyte precursor
Leukemia_AGATTGCAGAGACGAA-1,Leukemia,Leukemia,2,Early erythroid
Leukemia_AGATTGCGTAGCTTGT-1,Leukemia,Leukemia,1,HSC/MPP
Leukemia_AGCAGCCAGTAGCCGA-1,Leukemia,Leukemia,1,HSC/MPP
Leukemia_AGCAGCCTCTTGCAAG-1,Leukemia,Leukemia,1,HSC/MPP
Leukemia_AGCATACCAGACGTAG-1,Leukemia,Leukemia,4,CMP
Leukemia_AGCCTAAAGAATCTCC-1,Leukemia,Leukemia,1,HSC/MPP
Leukemia_AGCCTAAAGCCAGTTT-1,Leukemia,Leukemia,1,HSC/MPP
Leukemia_AGCCTAAAGCTAGCCC-1,Leukemia,Leukemia,1,HSC/MPP
Leukemia_AGCCTAACAGATTGCT-1,Leukemia,Leukemia,1,HSC/MPP
Leukemia_AGCCTAAGTTTCCACC-1,Leukemia,Leukemia,3,Megakaryocyte-erythroid-mast cell progenitor
Leukemia_AGCGGTCAGAGCTGCA-1,Leukemia,Leukemia,2,Mid erythroid
Leukemia_AGCGGTCGTCGCGTGT-1,Leukemia,Leukemia,1,HSC/MPP
Leukemia_AGCGTATGTACTCAAC-1,Leukemia,Leukemia,1,HSC/MPP
Leukemia_AGCGTCGAGCACAGGT-1,Leukemia,Leukemia,3,Megakaryocyte precursor
Leukemia_AGCTCCTAGCATGGCA-1,Leukemia,Leukemia,2,Early erythroid
Leukemia_AGCTCCTTCCCTAATT-1,Leukemia,Leukemia,2,Mid erythroid
Leukemia_AGCTCTCAGGGATGGG-1,Leukemia,Leukemia,3,Megakaryocyte precursor
Leukemia_AGCTCTCGTGTCTGAT-1,Leukemia,Leukemia,2,Early erythroid
Leukemia_AGCTCTCTCACAATGC-1,Leukemia,Leukemia,1,HSC/MPP
Leukemia_AGCTTGAAGAGAACAG-1,Leukemia,Leukemia,3,Early erythroid
Leukemia_AGGCCGTCACAGCCCA-1,Leukemia,Leukemia,2,Mid erythroid
Leukemia_AGGGAGTAGACAGACC-1,Leukemia,Leukemia,2,Mid erythroid
Leukemia_AGGGATGAGGGCATGT-1,Leukemia,Leukemia,1,HSC/MPP
Leukemia_AGGGATGCACTTAACG-1,Leukemia,Leukemia,2,Early erythroid
Leukemia_AGGGATGGTCCAAGTT-1,Leukemia,Leukemia,3,Early MK
Leukemia_AGGGTGAAGTACGTTC-1,Leukemia,Leukemia,1,HSC/MPP
Leukemia_AGGGTGACAAGTTCTG-1,Leukemia,Leukemia,1,HSC/MPP
Leukemia_AGGGTGACACAGATTC-1,Leukemia,Leukemia,1,HSC/MPP
Leukemia_AGGGTGAGTGACGGTA-1,Leukemia,Leukemia,2,Mid erythroid
Leukemia_AGGTCCGTCCGAATGT-1,Leukemia,Leukemia,2,Early erythroid
Leukemia_AGTAGTCCACGAGAGT-1,Leukemia,Leukemia,3,Early erythroid
Leukemia_AGTAGTCGTACAGTGG-1,Leukemia,Leukemia,3,Early erythroid
Leukemia_AGTCTTTGTAGTACCT-1,Leukemia,Leukemia,1,HSC/MPP
Leukemia_AGTCTTTTCGCTAGCG-1,Leukemia,Leukemia,3,HSC/MPP
Leukemia_AGTGAGGCAGGACCCT-1,Leukemia,Leukemia,2,Early erythroid
Leukemia_AGTGAGGTCTTAGCCC-1,Leukemia,Leukemia,1,HSC/MPP
Leukemia_AGTGGGAAGCTCCCAG-1,Leukemia,Leukemia,1,HSC/MPP
Leukemia_AGTGGGAAGGATGGAA-1,Leukemia,Leukemia,2,Early erythroid
Leukemia_AGTGGGACATTATCTC-1,Leukemia,Leukemia,1,HSC/MPP
Leukemia_AGTGTCAGTTCGCTAA-1,Leukemia,Leukemia,3,Early erythroid
Leukemia_AGTTGGTTCACCGTAA-1,Leukemia,Leukemia,1,HSC/MPP
Leukemia_ATAACGCGTCAGAGGT-1,Leukemia,Leukemia,4,CMP
Leukemia_ATAACGCGTTCGTTGA-1,Leukemia,Leukemia,3,Early erythroid
Leukemia_ATAACGCGTTGTTTGG-1,Leukemia,Leukemia,2,Early erythroid
Leukemia_ATAAGAGAGAGACTTA-1,Leukemia,Leukemia,4,CMP
Leukemia_ATAAGAGAGTAGTGCG-1,Leukemia,Leukemia,4,CMP
Leukemia_ATAAGAGCAGATCGGA-1,Leukemia,Leukemia,2,Mid erythroid
Leukemia_ATCACGATCAGGCAAG-1,Leukemia,Leukemia,2,Early erythroid
Leukemia_ATCACGATCTTAACCT-1,Leukemia,Leukemia,3,Early MK
Leukemia_ATCATCTAGTCAAGCG-1,Leukemia,Leukemia,1,HSC/MPP
Leukemia_ATCATGGAGCCCGAAA-1,Leukemia,Leukemia,1,HSC/MPP
Leukemia_ATCCACCGTCAATGTC-1,Leukemia,Leukemia,2,Mid erythroid
Leukemia_ATCCGAAAGTTCGCAT-1,Leukemia,Leukemia,1,HSC/MPP
Leukemia_ATCCGAATCGAGAGCA-1,Leukemia,Leukemia,3,Early MK
Leukemia_ATCTACTCAAGCCCAC-1,Leukemia,Leukemia,1,HSC/MPP
Leukemia_ATCTACTCAGGGTACA-1,Leukemia,Leukemia,1,HSC/MPP
Leukemia_ATCTGCCCAATGGAGC-1,Leukemia,Leukemia,4,CMP
Leukemia_ATGAGGGAGTATCGAA-1,Leukemia,Leukemia,1,HSC/MPP
Leukemia_ATGAGGGGTCTACCTC-1,Leukemia,Leukemia,1,HSC/MPP
Leukemia_ATGGGAGCAAGAAAGG-1,Leukemia,Leukemia,1,HSC/MPP
Leukemia_ATGTGTGTCGTACCGG-1,Leukemia,Leukemia,2,Early erythroid
Leukemia_ATTACTCAGAGGTTGC-1,Leukemia,Leukemia,3,Early erythroid
Leukemia_ATTACTCCAAGCCCAC-1,Leukemia,Leukemia,1,HSC/MPP
Leukemia_ATTACTCTCCGCAAGC-1,Leukemia,Leukemia,3,Megakaryocyte precursor
Leukemia_ATTATCCCACATAACC-1,Leukemia,Leukemia,2,Mid erythroid
Leukemia_ATTATCCCAGTCCTTC-1,Leukemia,Leukemia,1,HSC/MPP
Leukemia_ATTGGACAGATGAGAG-1,Leukemia,Leukemia,2,Mid erythroid
Leukemia_ATTGGACAGTCCTCCT-1,Leukemia,Leukemia,1,HSC/MPP
Leukemia_ATTGGACTCACCTTAT-1,Leukemia,Leukemia,2,Mid erythroid
Leukemia_ATTTCTGCACGAGAGT-1,Leukemia,Leukemia,3,Megakaryocyte-erythroid-mast cell progenitor
Leukemia_ATTTCTGGTTGATTGC-1,Leukemia,Leukemia,2,Mid erythroid
Leukemia_ATTTCTGTCCTGTACC-1,Leukemia,Leukemia,4,CMP
Leukemia_ATTTCTGTCTGTTTGT-1,Leukemia,Leukemia,2,Mast cells
Leukemia_CAACCAACAATCCGAT-1,Leukemia,Leukemia,1,HSC/MPP
Leukemia_CAACCAACACTTCGAA-1,Leukemia,Leukemia,1,HSC/MPP
Leukemia_CAACCTCAGGTAAACT-1,Leukemia,Leukemia,1,HSC/MPP
Leukemia_CAACCTCAGTACATGA-1,Leukemia,Leukemia,1,HSC/MPP
Leukemia_CAACCTCTCAGGCCCA-1,Leukemia,Leukemia,1,HSC/MPP
Leukemia_CAACTAGGTTTGACTG-1,Leukemia,Leukemia,3,Early MK
Leukemia_CAAGAAACAATGACCT-1,Leukemia,Leukemia,3,Early MK
Leukemia_CAAGAAACACGACTCG-1,Leukemia,Leukemia,2,Mid erythroid
Leukemia_CAAGAAACATCCCACT-1,Leukemia,Leukemia,1,HSC/MPP
Leukemia_CAAGATCAGGATGGTC-1,Leukemia,Leukemia,2,Early erythroid
Leukemia_CAAGATCCAATACGCT-1,Leukemia,Leukemia,2,Mid erythroid
Leukemia_CAAGATCTCCGCGGTA-1,Leukemia,Leukemia,1,HSC/MPP
Leukemia_CAAGATCTCCTGCAGG-1,Leukemia,Leukemia,1,HSC/MPP
Leukemia_CAAGGCCTCTTCATGT-1,Leukemia,Leukemia,2,Mid erythroid
Leukemia_CAAGTTGAGCCCAATT-1,Leukemia,Leukemia,1,HSC/MPP
Leukemia_CAAGTTGAGTAATCCC-1,Leukemia,Leukemia,2,Early erythroid
Leukemia_CAAGTTGCACTTACGA-1,Leukemia,Leukemia,3,Early erythroid
Leukemia_CAAGTTGTCCCGACTT-1,Leukemia,Leukemia,4,CMP
Leukemia_CACAAACCAAGCTGGA-1,Leukemia,Leukemia,2,Early erythroid
Leukemia_CACAAACCACTGAAGG-1,Leukemia,Leukemia,1,HSC/MPP
Leukemia_CACAAACGTAAGTGGC-1,Leukemia,Leukemia,1,HSC/MPP
Leukemia_CACACAAAGTTACCCA-1,Leukemia,Leukemia,3,Early MK
Leukemia_CACACCTTCGACGGAA-1,Leukemia,Leukemia,3,Megakaryocyte precursor
Leukemia_CACACTCAGCGATTCT-1,Leukemia,Leukemia,1,HSC/MPP
Leukemia_CACACTCCACAGGTTT-1,Leukemia,Leukemia,1,HSC/MPP
Leukemia_CACAGGCGTAAATGAC-1,Leukemia,Leukemia,2,Early erythroid
Leukemia_CACAGGCTCCCATTAT-1,Leukemia,Leukemia,1,HSC/MPP
Leukemia_CACAGTAAGACCCACC-1,Leukemia,Leukemia,1,HSC/MPP
Leukemia_CACAGTAAGGGCTTGA-1,Leukemia,Leukemia,2,Early erythroid
Leukemia_CACAGTACAGACTCGC-1,Leukemia,Leukemia,2,Mid erythroid
Leukemia_CACAGTAGTAAATGAC-1,Leukemia,Leukemia,2,Early erythroid
Leukemia_CACAGTAGTCAAAGCG-1,Leukemia,Leukemia,1,HSC/MPP
Leukemia_CACATAGCAAGCTGGA-1,Leukemia,Leukemia,2,Mast cells
Leukemia_CACATAGCACACGCTG-1,Leukemia,Leukemia,2,Mid erythroid
Leukemia_CACATAGCACTGTTAG-1,Leukemia,Leukemia,1,HSC/MPP
Leukemia_CACATTTAGCCGCCTA-1,Leukemia,Leukemia,1,HSC/MPP
Leukemia_CACCACTAGATGAGAG-1,Leukemia,Leukemia,1,HSC/MPP
Leukemia_CACCACTTCACTATTC-1,Leukemia,Leukemia,3,Early erythroid
Leukemia_CACCAGGAGTACGACG-1,Leukemia,Leukemia,2,Mid erythroid
Leukemia_CACCAGGCACGAAAGC-1,Leukemia,Leukemia,2,Early erythroid
Leukemia_CACCTTGGTCGAATCT-1,Leukemia,Leukemia,1,HSC/MPP
Leukemia_CACCTTGGTTACTGAC-1,Leukemia,Leukemia,2,Mid erythroid
Leukemia_CACCTTGTCATCATTC-1,Leukemia,Leukemia,2,Mid erythroid
Leukemia_CACTCCACAAGAAAGG-1,Leukemia,Leukemia,2,Mid erythroid
Leukemia_CACTCCACAGGTGGAT-1,Leukemia,Leukemia,2,Mid erythroid
Leukemia_CACTCCACATGTAGTC-1,Leukemia,Leukemia,2,Mid erythroid
Leukemia_CAGAATCAGGCGACAT-1,Leukemia,Leukemia,3,Early erythroid
Leukemia_CAGAATCGTTCTGTTT-1,Leukemia,Leukemia,1,HSC/MPP
Leukemia_CAGAATCTCGTACGGC-1,Leukemia,Leukemia,2,Mid erythroid
Leukemia_CAGAGAGAGCAATATG-1,Leukemia,Leukemia,2,Mast cells
Leukemia_CAGAGAGAGTCTTGCA-1,Leukemia,Leukemia,3,Megakaryocyte precursor
Leukemia_CAGAGAGCACATCCGG-1,Leukemia,Leukemia,2,Mid erythroid
Leukemia_CAGATCAAGAGACGAA-1,Leukemia,Leukemia,4,CMP
Leukemia_CAGCAGCCATAGAAAC-1,Leukemia,Leukemia,1,HSC/MPP
Leukemia_CAGCAGCGTGTCCTCT-1,Leukemia,Leukemia,1,HSC/MPP
Leukemia_CAGCAGCTCCATGCTC-1,Leukemia,Leukemia,4,CMP
Leukemia_CAGCATAGTACGACCC-1,Leukemia,Leukemia,1,HSC/MPP
Leukemia_CAGCCGATCTTTACGT-1,Leukemia,Leukemia,4,CMP
Leukemia_CAGCTAACATGTCCTC-1,Leukemia,Leukemia,1,HSC/MPP
Leukemia_CAGCTGGGTAAATGTG-1,Leukemia,Leukemia,2,Mid erythroid
Leukemia_CAGGTGCGTACGAAAT-1,Leukemia,Leukemia,3,Megakaryocyte precursor
Leukemia_CAGGTGCTCATACGGT-1,Leukemia,Leukemia,1,HSC/MPP
Leukemia_CAGGTGCTCCTTCAAT-1,Leukemia,Leukemia,2,Mid erythroid
Leukemia_CAGTAACAGTTATCGC-1,Leukemia,Leukemia,3,Megakaryocyte precursor
Leukemia_CAGTAACGTGCAGGTA-1,Leukemia,Leukemia,2,Early erythroid
Leukemia_CAGTAACTCATTCACT-1,Leukemia,Leukemia,2,Early erythroid
Leukemia_CAGTCCTTCTTGTACT-1,Leukemia,Leukemia,2,Early erythroid
Leukemia_CATATGGCAATACGCT-1,Leukemia,Leukemia,1,HSC/MPP
Leukemia_CATATGGTCGGCGGTT-1,Leukemia,Leukemia,1,HSC/MPP
Leukemia_CATCAAGAGCGTGTCC-1,Leukemia,Leukemia,2,Mid erythroid
Leukemia_CATCAGACATGCCACG-1,Leukemia,Leukemia,1,HSC/MPP
Leukemia_CATCCACGTTCACCTC-1,Leukemia,Leukemia,2,Mid erythroid
Leukemia_CATCCACTCATACGGT-1,Leukemia,Leukemia,1,HSC/MPP
Leukemia_CATCGGGCAATACGCT-1,Leukemia,Leukemia,1,HSC/MPP
Leukemia_CATCGGGTCCAGGGCT-1,Leukemia,Leukemia,3,Megakaryocyte precursor
Leukemia_CATGACACAGATGAGC-1,Leukemia,Leukemia,2,Mid erythroid
Leukemia_CATGACAGTGTTTGTG-1,Leukemia,Leukemia,0,HSC/MPP
Leukemia_CATGACATCCAGAGGA-1,Leukemia,Leukemia,2,Mid erythroid
Leukemia_CATGCCTGTTCAGACT-1,Leukemia,Leukemia,1,HSC/MPP
Leukemia_CATGGCGCAAAGTGCG-1,Leukemia,Leukemia,1,HSC/MPP
Leukemia_CATGGCGTCATCACCC-1,Leukemia,Leukemia,1,HSC/MPP
Leukemia_CATTATCGTCAGGACA-1,Leukemia,Leukemia,2,Early erythroid
Leukemia_CATTCGCGTCAACATC-1,Leukemia,Leukemia,4,CMP
Leukemia_CATTCGCGTCTGCCAG-1,Leukemia,Leukemia,2,Early erythroid
Leukemia_CATTCGCTCGGCGCTA-1,Leukemia,Leukemia,1,HSC/MPP
Leukemia_CCACGGACAGAGCCAA-1,Leukemia,Leukemia,1,CMP
Leukemia_CCAGCGACAATGAATG-1,Leukemia,Leukemia,3,Megakaryocyte precursor
Leukemia_CCAGCGACACAGCGTC-1,Leukemia,Leukemia,1,HSC/MPP
Leukemia_CCAGCGATCAACGGGA-1,Leukemia,Leukemia,4,CMP
Leukemia_CCATGTCCATCCCACT-1,Leukemia,Leukemia,1,HSC/MPP
Leukemia_CCATGTCTCAACCATG-1,Leukemia,Leukemia,1,Megakaryocyte precursor
Leukemia_CCATTCGGTCTCATCC-1,Leukemia,Leukemia,2,Early erythroid
Leukemia_CCCAATCTCACCACCT-1,Leukemia,Leukemia,2,Mid erythroid
Leukemia_CCCAGTTAGTCAATAG-1,Leukemia,Leukemia,1,HSC/MPP
Leukemia_CCCAGTTCAGGTCGTC-1,Leukemia,Leukemia,2,Mid erythroid
Leukemia_CCCAGTTGTTGACGTT-1,Leukemia,Leukemia,4,CMP
Leukemia_CCCTCCTCACGCCAGT-1,Leukemia,Leukemia,1,HSC/MPP
Leukemia_CCCTCCTCATCACGTA-1,Leukemia,Leukemia,1,HSC/MPP
Leukemia_CCCTCCTGTTATCACG-1,Leukemia,Leukemia,1,HSC/MPP
Leukemia_CCGGGATCAATGTTGC-1,Leukemia,Leukemia,1,HSC/MPP
Leukemia_CCGTACTTCTGCGACG-1,Leukemia,Leukemia,2,Mast cells
Leukemia_CCGTGGAAGCATGGCA-1,Leukemia,Leukemia,3,Megakaryocyte precursor
Leukemia_CCGTGGACACGCTTTC-1,Leukemia,Leukemia,3,Early MK
Leukemia_CCGTGGATCATCGCTC-1,Leukemia,Leukemia,2,Mid erythroid
Leukemia_CCGTTCAAGATGCCAG-1,Leukemia,Leukemia,1,HSC/MPP
Leukemia_CCGTTCAGTTAGTGGG-1,Leukemia,Leukemia,3,Megakaryocyte precursor
Leukemia_CCTAAAGAGTATCTCG-1,Leukemia,Leukemia,3,Early MK
Leukemia_CCTAAAGGTCGCATAT-1,Leukemia,Leukemia,1,HSC/MPP
Leukemia_CCTAAAGTCTTATCTG-1,Leukemia,Leukemia,1,HSC/MPP
Leukemia_CCTACACAGATGTGGC-1,Leukemia,Leukemia,4,CMP
Leukemia_CCTACACAGCCACGTC-1,Leukemia,Leukemia,3,Megakaryocyte precursor
Leukemia_CCTACACCAGCGTCCA-1,Leukemia,Leukemia,2,Mid erythroid
Leukemia_CCTACACGTGCAGTAG-1,Leukemia,Leukemia,1,HSC/MPP
Leukemia_CCTACACTCAAACAAG-1,Leukemia,Leukemia,2,Mid erythroid
Leukemia_CCTACCAGTTCCGGCA-1,Leukemia,Leukemia,4,CMP
Leukemia_CCTAGCTAGAAGGACA-1,Leukemia,Leukemia,2,Early erythroid
Leukemia_CCTATTAGTACAGTGG-1,Leukemia,Leukemia,2,Mid erythroid
Leukemia_CCTCTGAAGCACCGCT-1,Leukemia,Leukemia,2,Early erythroid
Leukemia_CCTCTGACACGAGAGT-1,Leukemia,Leukemia,2,Mid erythroid
Leukemia_CCTCTGACATGCGCAC-1,Leukemia,Leukemia,2,Mid erythroid
Leukemia_CCTTACGTCACAGTAC-1,Leukemia,Leukemia,1,HSC/MPP
Leukemia_CCTTCCCGTTATCGGT-1,Leukemia,Leukemia,1,HSC/MPP
Leukemia_CGAACATAGACAAGCC-1,Leukemia,Leukemia,1,HSC/MPP
Leukemia_CGAACATTCTGGCGAC-1,Leukemia,Leukemia,1,HSC/MPP
Leukemia_CGACTTCGTTTGTTGG-1,Leukemia,Leukemia,2,Mid erythroid
Leukemia_CGACTTCTCTGCAAGT-1,Leukemia,Leukemia,1,HSC/MPP
Leukemia_CGACTTCTCTGCAGTA-1,Leukemia,Leukemia,1,HSC/MPP
Leukemia_CGAGAAGAGAGCTGGT-1,Leukemia,Leukemia,2,Mid erythroid
Leukemia_CGAGAAGCATCGGACC-1,Leukemia,Leukemia,1,HSC/MPP
Leukemia_CGAGAAGGTCCAGTAT-1,Leukemia,Leukemia,1,HSC/MPP
Leukemia_CGAGCACCACCTTGTC-1,Leukemia,Leukemia,2,Mid erythroid
Leukemia_CGAGCACCAGACGTAG-1,Leukemia,Leukemia,2,Early erythroid
Leukemia_CGAGCACGTTACGTCA-1,Leukemia,Leukemia,2,Mid erythroid
Leukemia_CGAGCCAAGGTGACCA-1,Leukemia,Leukemia,1,HSC/MPP
Leukemia_CGAGCCAGTTAAGACA-1,Leukemia,Leukemia,1,HSC/MPP
Leukemia_CGATCGGAGCTTATCG-1,Leukemia,Leukemia,4,CMP
Leukemia_CGATCGGCAATACGCT-1,Leukemia,Leukemia,2,Mid erythroid
Leukemia_CGATCGGGTCTTCTCG-1,Leukemia,Leukemia,2,Early erythroid
Leukemia_CGATCGGTCGCGATCG-1,Leukemia,Leukemia,1,HSC/MPP
Leukemia_CGATGGCCACTTAACG-1,Leukemia,Leukemia,2,Early erythroid
Leukemia_CGATGGCGTCCGAAGA-1,Leukemia,Leukemia,1,HSC/MPP
Leukemia_CGATTGAAGACACTAA-1,Leukemia,Leukemia,2,Mid erythroid
Leukemia_CGCCAAGTCAACACGT-1,Leukemia,Leukemia,2,Early erythroid
Leukemia_CGCGGTAGTTACCGAT-1,Leukemia,Leukemia,3,Early erythroid
Leukemia_CGCGGTATCACATAGC-1,Leukemia,Leukemia,4,CMP
Leukemia_CGCGTTTGTGTGACCC-1,Leukemia,Leukemia,1,HSC/MPP
Leukemia_CGCGTTTTCAGGTTCA-1,Leukemia,Leukemia,1,HSC/MPP
Leukemia_CGCTATCCAACACGCC-1,Leukemia,Leukemia,1,HSC/MPP
Leukemia_CGCTGGAAGAGGTTAT-1,Leukemia,Leukemia,1,HSC/MPP
Leukemia_CGCTGGAGTAAGAGGA-1,Leukemia,Leukemia,1,HSC/MPP
Leukemia_CGCTGGATCGCGGATC-1,Leukemia,Leukemia,2,Early erythroid
Leukemia_CGCTTCATCCGCGCAA-1,Leukemia,Leukemia,1,HSC/MPP
Leukemia_CGGACACAGGCATGTG-1,Leukemia,Leukemia,2,Mid erythroid
Leukemia_CGGACACAGTGCGTGA-1,Leukemia,Leukemia,2,Mid erythroid
Leukemia_CGGACACCACTAGTAC-1,Leukemia,Leukemia,1,HSC/MPP
Leukemia_CGGACACGTGAAAGAG-1,Leukemia,Leukemia,1,CMP
Leukemia_CGGACTGAGCGATAGC-1,Leukemia,Leukemia,1,HSC/MPP
Leukemia_CGGACTGGTGAGTGAC-1,Leukemia,Leukemia,1,HSC/MPP
Leukemia_CGGACTGTCCAGATCA-1,Leukemia,Leukemia,1,HSC/MPP
Leukemia_CGGAGCTTCTGAAAGA-1,Leukemia,Leukemia,2,Mid erythroid
Leukemia_CGGCTAGTCAGTACGT-1,Leukemia,Leukemia,1,HSC/MPP
Leukemia_CGGCTAGTCCAAATGC-1,Leukemia,Leukemia,3,Early MK
Leukemia_CGGCTAGTCGGTGTTA-1,Leukemia,Leukemia,1,HSC/MPP
Leukemia_CGGCTAGTCTGTCAAG-1,Leukemia,Leukemia,2,Early erythroid
Leukemia_CGGGTCACAGTCGTGC-1,Leukemia,Leukemia,1,HSC/MPP
Leukemia_CGGGTCAGTTGGTTTG-1,Leukemia,Leukemia,2,Early erythroid
Leukemia_CGTAGCGAGAGTACAT-1,Leukemia,Leukemia,2,Mid erythroid
Leukemia_CGTAGCGCAACGATGG-1,Leukemia,Leukemia,1,HSC/MPP
Leukemia_CGTAGCGCATCGTCGG-1,Leukemia,Leukemia,1,HSC/MPP
Leukemia_CGTAGCGTCAGAGGTG-1,Leukemia,Leukemia,2,Mid erythroid
Leukemia_CGTAGGCTCTCTAAGG-1,Leukemia,Leukemia,1,HSC/MPP
Leukemia_CGTCACTCACCAGCAC-1,Leukemia,Leukemia,2,Mid erythroid
Leukemia_CGTCACTGTGAGTGAC-1,Leukemia,Leukemia,2,Mid erythroid
Leukemia_CGTCAGGAGGTACTCT-1,Leukemia,Leukemia,2,Early erythroid
Leukemia_CGTCCATCAAATTGCC-1,Leukemia,Leukemia,4,CMP
Leukemia_CGTCCATGTCTTCAAG-1,Leukemia,Leukemia,1,HSC/MPP
Leukemia_CGTCCATTCCTTGCCA-1,Leukemia,Leukemia,3,Early MK
Leukemia_CGTCTACAGACACTAA-1,Leukemia,Leukemia,1,HSC/MPP
Leukemia_CGTGAGCGTAGTAGTA-1,Leukemia,Leukemia,2,Mast cells
Leukemia_CGTGAGCGTCCGCTGA-1,Leukemia,Leukemia,1,HSC/MPP
Leukemia_CGTGTCTCATTCCTGC-1,Leukemia,Leukemia,1,HSC/MPP
Leukemia_CGTTAGAAGTTGAGAT-1,Leukemia,Leukemia,2,Early erythroid
Leukemia_CGTTAGACACCTATCC-1,Leukemia,Leukemia,1,HSC/MPP
Leukemia_CGTTAGATCTGCCAGG-1,Leukemia,Leukemia,1,HSC/MPP
Leukemia_CGTTGGGAGGCGCTCT-1,Leukemia,Leukemia,1,HSC/MPP
Leukemia_CGTTGGGAGTTCGATC-1,Leukemia,Leukemia,1,HSC/MPP
Leukemia_CTAACTTCAACTGCGC-1,Leukemia,Leukemia,1,HSC/MPP
Leukemia_CTAACTTTCTCGTATT-1,Leukemia,Leukemia,4,CMP
Leukemia_CTAAGACAGAGTAATC-1,Leukemia,Leukemia,2,Mid erythroid
Leukemia_CTAAGACCATGCCTTC-1,Leukemia,Leukemia,2,Mid erythroid
Leukemia_CTACACCCACTTAAGC-1,Leukemia,Leukemia,1,HSC/MPP
Leukemia_CTACATTAGATATGGT-1,Leukemia,Leukemia,2,Mid erythroid
Leukemia_CTACATTCAACTTGAC-1,Leukemia,Leukemia,1,HSC/MPP
Leukemia_CTACATTCATGCCTAA-1,Leukemia,Leukemia,3,Early erythroid
Leukemia_CTACCCATCCCAAGTA-1,Leukemia,Leukemia,2,Mid erythroid
Leukemia_CTACGTCCACCTATCC-1,Leukemia,Leukemia,2,Mid erythroid
Leukemia_CTACGTCTCAGTCAGT-1,Leukemia,Leukemia,1,HSC/MPP
Leukemia_CTAGAGTAGTCATCCA-1,Leukemia,Leukemia,1,HSC/MPP
Leukemia_CTAGCCTCAAGCCTAT-1,Leukemia,Leukemia,2,Mid erythroid
Leukemia_CTAGCCTCAGTGAGTG-1,Leukemia,Leukemia,2,Early erythroid
Leukemia_CTAGCCTGTGATAAGT-1,Leukemia,Leukemia,3,Early erythroid
Leukemia_CTAGTGAAGTGGACGT-1,Leukemia,Leukemia,2,Early erythroid
Leukemia_CTAGTGATCGTTTATC-1,Leukemia,Leukemia,1,HSC/MPP
Leukemia_CTAGTGATCTTTAGTC-1,Leukemia,Leukemia,1,HSC/MPP
Leukemia_CTCACACAGTCGTACT-1,Leukemia,Leukemia,3,Megakaryocyte precursor
Leukemia_CTCACACCAAAGTGCG-1,Leukemia,Leukemia,1,HSC/MPP
Leukemia_CTCACACTCTCATTCA-1,Leukemia,Leukemia,1,HSC/MPP
Leukemia_CTCAGAACATTCACTT-1,Leukemia,Leukemia,2,Early erythroid
Leukemia_CTCATTACACAGAGGT-1,Leukemia,Leukemia,1,HSC/MPP
Leukemia_CTCATTATCGCGCCAA-1,Leukemia,Leukemia,1,HSC/MPP
Leukemia_CTCATTATCGTCCGTT-1,Leukemia,Leukemia,1,HSC/MPP
Leukemia_CTCCTAGTCAACGCTA-1,Leukemia,Leukemia,1,HSC/MPP
Leukemia_CTCGAAAAGACACGAC-1,Leukemia,Leukemia,2,Mid erythroid
Leukemia_CTCGAAAAGAGGTTGC-1,Leukemia,Leukemia,2,Early erythroid
Leukemia_CTCGAAAAGTAATCCC-1,Leukemia,Leukemia,2,Mid erythroid
Leukemia_CTCGAAACAGTCCTTC-1,Leukemia,Leukemia,1,HSC/MPP
Leukemia_CTCGAAACATATGGTC-1,Leukemia,Leukemia,2,Mast cells
Leukemia_CTCGAGGAGTATCTCG-1,Leukemia,Leukemia,3,Megakaryocyte precursor
Leukemia_CTCGGAGTCACGATGT-1,Leukemia,Leukemia,1,HSC/MPP
Leukemia_CTCGGGACATTAGGCT-1,Leukemia,Leukemia,2,Mid erythroid
Leukemia_CTCGGGATCTCTGAGA-1,Leukemia,Leukemia,1,HSC/MPP
Leukemia_CTCGTACAGAAGAAGC-1,Leukemia,Leukemia,1,HSC/MPP
Leukemia_CTCGTACGTGCAGACA-1,Leukemia,Leukemia,2,Mid erythroid
Leukemia_CTCGTACGTGGCTCCA-1,Leukemia,Leukemia,1,HSC/MPP
Leukemia_CTCGTCATCCGCAAGC-1,Leukemia,Leukemia,4,CMP
Leukemia_CTCGTCATCTTAGCCC-1,Leukemia,Leukemia,1,HSC/MPP
Leukemia_CTCTAATAGGCACATG-1,Leukemia,Leukemia,1,HSC/MPP
Leukemia_CTCTAATCAGTCAGCC-1,Leukemia,Leukemia,1,HSC/MPP
Leukemia_CTCTAATGTTGTTTGG-1,Leukemia,Leukemia,1,HSC/MPP
Leukemia_CTCTACGAGCTGTCTA-1,Leukemia,Leukemia,1,HSC/MPP
Leukemia_CTCTACGGTACCCAAT-1,Leukemia,Leukemia,1,HSC/MPP
Leukemia_CTCTACGGTCCGACGT-1,Leukemia,Leukemia,1,HSC/MPP
Leukemia_CTCTACGGTGGTACAG-1,Leukemia,Leukemia,1,HSC/MPP
Leukemia_CTCTACGTCAGTTAGC-1,Leukemia,Leukemia,2,Early erythroid
Leukemia_CTCTGGTAGGGATACC-1,Leukemia,Leukemia,3,Early erythroid
Leukemia_CTCTGGTCAGCTGTGC-1,Leukemia,Leukemia,2,Mid erythroid
Leukemia_CTCTGGTTCCCAGGTG-1,Leukemia,Leukemia,1,HSC/MPP
Leukemia_CTCTGGTTCGGCTTGG-1,Leukemia,Leukemia,1,HSC/MPP
Leukemia_CTGAAACTCGTGACAT-1,Leukemia,Leukemia,4,CMP
Leukemia_CTGAAGTCACCGGAAA-1,Leukemia,Leukemia,2,Mid erythroid
Leukemia_CTGAAGTTCCGCGCAA-1,Leukemia,Leukemia,1,HSC/MPP
Leukemia_CTGAAGTTCTTGACGA-1,Leukemia,Leukemia,1,HSC/MPP
Leukemia_CTGATAGAGACAGACC-1,Leukemia,Leukemia,4,CMP
Leukemia_CTGATAGAGAGCTTCT-1,Leukemia,Leukemia,1,HSC/MPP
Leukemia_CTGATAGAGTCCCACG-1,Leukemia,Leukemia,1,HSC/MPP
Leukemia_CTGATAGTCCATTCTA-1,Leukemia,Leukemia,2,Early erythroid
Leukemia_CTGATAGTCTCGGACG-1,Leukemia,Leukemia,4,CMP
Leukemia_CTGATCCAGACAGAGA-1,Leukemia,Leukemia,3,Early erythroid
Leukemia_CTGATCCCAAAGGAAG-1,Leukemia,Leukemia,1,HSC/MPP
Leukemia_CTGATCCGTGACCAAG-1,Leukemia,Leukemia,1,HSC/MPP
Leukemia_CTGCCTAAGTAGGCCA-1,Leukemia,Leukemia,1,HSC/MPP
Leukemia_CTGCCTAGTACTCGCG-1,Leukemia,Leukemia,2,Mid erythroid
Leukemia_CTGCCTAGTTCCACTC-1,Leukemia,Leukemia,1,HSC/MPP
Leukemia_CTGCGGAGTCTCAACA-1,Leukemia,Leukemia,3,Early erythroid
Leukemia_CTGCTGTAGATCTGAA-1,Leukemia,Leukemia,1,HSC/MPP
Leukemia_CTGCTGTAGGGCATGT-1,Leukemia,Leukemia,4,CMP
Leukemia_CTGGTCTCATCACCCT-1,Leukemia,Leukemia,3,Early erythroid
Leukemia_CTGGTCTGTACAAGTA-1,Leukemia,Leukemia,1,HSC/MPP
Leukemia_CTGGTCTTCCTTGGTC-1,Leukemia,Leukemia,1,HSC/MPP
Leukemia_CTGTGCTTCTCTGCTG-1,Leukemia,Leukemia,2,Mid erythroid
Leukemia_CTGTTTACAAGGACAC-1,Leukemia,Leukemia,3,Early erythroid
Leukemia_CTGTTTATCCTAGGGC-1,Leukemia,Leukemia,3,Megakaryocyte-erythroid-mast cell progenitor
Leukemia_CTGTTTATCTGATACG-1,Leukemia,Leukemia,1,HSC/MPP
Leukemia_CTTAACTCAACTGGCC-1,Leukemia,Leukemia,2,Early erythroid
Leukemia_CTTAACTCAGGTTTCA-1,Leukemia,Leukemia,1,HSC/MPP
Leukemia_CTTACCGAGTCCGGTC-1,Leukemia,Leukemia,3,Megakaryocyte precursor
Leukemia_CTTACCGTCAACCATG-1,Leukemia,Leukemia,1,HSC/MPP
Leukemia_CTTAGGAAGAGTGACC-1,Leukemia,Leukemia,2,Mid erythroid
Leukemia_CTTAGGAAGCCGGTAA-1,Leukemia,Leukemia,4,CMP
Leukemia_CTTAGGAAGGCAATTA-1,Leukemia,Leukemia,4,CMP
Leukemia_CTTCTCTAGATGGGTC-1,Leukemia,Leukemia,2,Mid erythroid
Leukemia_CTTCTCTCACCGGAAA-1,Leukemia,Leukemia,1,HSC/MPP
Leukemia_CTTGGCTTCTGTTTGT-1,Leukemia,Leukemia,2,Mid erythroid
Leukemia_CTTTGCGAGGCACATG-1,Leukemia,Leukemia,1,HSC/MPP
Leukemia_CTTTGCGCAGTGGGAT-1,Leukemia,Leukemia,2,Early erythroid
Leukemia_CTTTGCGGTCCGCTGA-1,Leukemia,Leukemia,2,Early erythroid
Leukemia_GAAACTCTCGCATGGC-1,Leukemia,Leukemia,1,CMP
Leukemia_GAAATGAAGTTACGGG-1,Leukemia,Leukemia,1,HSC/MPP
Leukemia_GAACGGAGTAAGAGAG-1,Leukemia,Leukemia,2,Mid erythroid
Leukemia_GAACGGAGTAAGTAGT-1,Leukemia,Leukemia,1,HSC/MPP
Leukemia_GAACGGAGTATAGGGC-1,Leukemia,Leukemia,3,Early MK
Leukemia_GAACGGAGTTAAGTAG-1,Leukemia,Leukemia,1,HSC/MPP
Leukemia_GAACGGATCTGACCTC-1,Leukemia,Leukemia,4,CMP
Leukemia_GAAGCAGCAAACGCGA-1,Leukemia,Leukemia,2,Early erythroid
Leukemia_GAAGCAGCAAGCGAGT-1,Leukemia,Leukemia,3,Early MK
Leukemia_GAATAAGGTTCTGGTA-1,Leukemia,Leukemia,1,HSC/MPP
Leukemia_GAATGAACACCGATAT-1,Leukemia,Leukemia,1,HSC/MPP
Leukemia_GACACGCCAGATCTGT-1,Leukemia,Leukemia,1,HSC/MPP
Leukemia_GACAGAGAGACACGAC-1,Leukemia,Leukemia,3,Megakaryocyte precursor
Leukemia_GACAGAGAGCCACCTG-1,Leukemia,Leukemia,2,Mid erythroid
Leukemia_GACAGAGAGCCCTAAT-1,Leukemia,Leukemia,1,HSC/MPP
Leukemia_GACAGAGAGCTAGTGG-1,Leukemia,Leukemia,3,Megakaryocyte precursor
Leukemia_GACAGAGCACTGTTAG-1,Leukemia,Leukemia,1,HSC/MPP
Leukemia_GACCAATTCCAAGCCG-1,Leukemia,Leukemia,2,Mid erythroid
Leukemia_GACCAATTCTCGATGA-1,Leukemia,Leukemia,2,Mid erythroid
Leukemia_GACCAATTCTTTCCTC-1,Leukemia,Leukemia,1,HSC/MPP
Leukemia_GACCTGGAGATGGGTC-1,Leukemia,Leukemia,4,CMP
Leukemia_GACCTGGAGTTCCACA-1,Leukemia,Leukemia,3,Early MK
Leukemia_GACCTGGTCCGCAAGC-1,Leukemia,Leukemia,1,HSC/MPP
Leukemia_GACGCGTGTCTTCGTC-1,Leukemia,Leukemia,1,HSC/MPP
Leukemia_GACGGCTGTAAGGATT-1,Leukemia,Leukemia,3,Megakaryocyte precursor
Leukemia_GACGGCTTCAGCCTAA-1,Leukemia,Leukemia,1,HSC/MPP
Leukemia_GACGGCTTCAGCGACC-1,Leukemia,Leukemia,3,Early MK
Leukemia_GACGTGCTCGCACTCT-1,Leukemia,Leukemia,2,Mid erythroid
Leukemia_GACGTTAAGAATCTCC-1,Leukemia,Leukemia,3,Early MK
Leukemia_GACTAACAGAGACTTA-1,Leukemia,Leukemia,2,Mid erythroid
Leukemia_GACTAACGTCTCCACT-1,Leukemia,Leukemia,1,HSC/MPP
Leukemia_GACTGCGAGACAAGCC-1,Leukemia,Leukemia,3,Early erythroid
Leukemia_GACTGCGTCCTCGCAT-1,Leukemia,Leukemia,2,Mid erythroid
Leukemia_GAGCAGAGTGTGACGA-1,Leukemia,Leukemia,1,HSC/MPP
Leukemia_GAGGTGACATTAGGCT-1,Leukemia,Leukemia,1,HSC/MPP
Leukemia_GAGGTGAGTCGCGAAA-1,Leukemia,Leukemia,1,HSC/MPP
Leukemia_GAGTCCGAGACTAAGT-1,Leukemia,Leukemia,3,Early MK
Leukemia_GAGTCCGAGATGCGAC-1,Leukemia,Leukemia,0,HSC/MPP
Leukemia_GAGTCCGAGTCTCCTC-1,Leukemia,Leukemia,2,Early erythroid
Leukemia_GATCAGTAGACTAGGC-1,Leukemia,Leukemia,1,HSC/MPP
Leukemia_GATCAGTCATCACAAC-1,Leukemia,Leukemia,4,CMP
Leukemia_GATCAGTTCGTTTATC-1,Leukemia,Leukemia,1,HSC/MPP
Leukemia_GATCGATGTACCTACA-1,Leukemia,Leukemia,2,Mid erythroid
Leukemia_GATCGCGGTCCTCTTG-1,Leukemia,Leukemia,1,HSC/MPP
Leukemia_GATCGTACACAGTCGC-1,Leukemia,Leukemia,1,HSC/MPP
Leukemia_GATCGTATCAACCATG-1,Leukemia,Leukemia,1,HSC/MPP
Leukemia_GATCGTATCCACGACG-1,Leukemia,Leukemia,2,Mid erythroid
Leukemia_GATCTAGAGATGTCGG-1,Leukemia,Leukemia,1,HSC/MPP
Leukemia_GATCTAGGTATATCCG-1,Leukemia,Leukemia,2,Mid erythroid
Leukemia_GATGAAAAGAACTGTA-1,Leukemia,Leukemia,3,Megakaryocyte precursor
Leukemia_GATGAAATCACATGCA-1,Leukemia,Leukemia,2,Mid erythroid
Leukemia_GATGAAATCATCTGTT-1,Leukemia,Leukemia,3,Early erythroid
Leukemia_GATGAAATCGTTTGCC-1,Leukemia,Leukemia,2,Mid erythroid
Leukemia_GATGCTACACCTCGTT-1,Leukemia,Leukemia,1,HSC/MPP
Leukemia_GATGCTACAGCTGCTG-1,Leukemia,Leukemia,1,HSC/MPP
Leukemia_GATGCTATCGTCCAGG-1,Leukemia,Leukemia,1,HSC/MPP
Leukemia_GATTCAGAGCATGGCA-1,Leukemia,Leukemia,2,Mid erythroid
Leukemia_GATTCAGGTGTATGGG-1,Leukemia,Leukemia,2,Mid erythroid
Leukemia_GCAAACTTCTTTACGT-1,Leukemia,Leukemia,2,Early erythroid
Leukemia_GCAATCAGTGTGAATA-1,Leukemia,Leukemia,1,HSC/MPP
Leukemia_GCACATAAGCTCAACT-1,Leukemia,Leukemia,2,Mid erythroid
Leukemia_GCACATAAGTGACTCT-1,Leukemia,Leukemia,1,HSC/MPP
Leukemia_GCACTCTGTATGAATG-1,Leukemia,Leukemia,4,CMP
Leukemia_GCACTCTGTTAAGAAC-1,Leukemia,Leukemia,2,Early erythroid
Leukemia_GCAGCCATCAGCAACT-1,Leukemia,Leukemia,2,Mast cells
Leukemia_GCATACAAGAACTCGG-1,Leukemia,Leukemia,2,Early erythroid
Leukemia_GCATGATAGATGTAAC-1,Leukemia,Leukemia,1,HSC/MPP
Leukemia_GCATGCGAGACTACAA-1,Leukemia,Leukemia,2,Early erythroid
Leukemia_GCATGCGAGTGGTAGC-1,Leukemia,Leukemia,2,Mid erythroid
Leukemia_GCATGCGTCCTTCAAT-1,Leukemia,Leukemia,2,Early erythroid
Leukemia_GCATGTACAGCTGCTG-1,Leukemia,Leukemia,2,Mast cells
Leukemia_GCATGTAGTCTAAACC-1,Leukemia,Leukemia,2,Early erythroid
Leukemia_GCATGTAGTCTGCAAT-1,Leukemia,Leukemia,1,HSC/MPP
Leukemia_GCCTCTACAGCTTCGG-1,Leukemia,Leukemia,2,Early erythroid
Leukemia_GCCTCTACATTTGCCC-1,Leukemia,Leukemia,2,Mid erythroid
Leukemia_GCCTCTAGTTTGTGTG-1,Leukemia,Leukemia,1,HSC/MPP
Leukemia_GCGAGAAGTGGCTCCA-1,Leukemia,Leukemia,1,HSC/MPP
Leukemia_GCGAGAATCCGCAAGC-1,Leukemia,Leukemia,2,Early erythroid
Leukemia_GCGCAGTCATCTCGCT-1,Leukemia,Leukemia,1,HSC/MPP
Leukemia_GCGCAGTGTGCCTGGT-1,Leukemia,Leukemia,3,Megakaryocyte precursor
Leukemia_GCGCAGTGTGCGAAAC-1,Leukemia,Leukemia,2,Mid erythroid
Leukemia_GCGCCAAAGACATAAC-1,Leukemia,Leukemia,1,HSC/MPP
Leukemia_GCGCCAACAGATGGCA-1,Leukemia,Leukemia,1,HSC/MPP
Leukemia_GCGCCAAGTCGAACAG-1,Leukemia,Leukemia,2,Early erythroid
Leukemia_GCGCCAATCATCTGCC-1,Leukemia,Leukemia,2,Mid erythroid
Leukemia_GCGCCAATCATCTGTT-1,Leukemia,Leukemia,3,HSC/MPP
Leukemia_GCGCCAATCATGCAAC-1,Leukemia,Leukemia,3,Early MK
Leukemia_GCGCGATAGGGTTTCT-1,Leukemia,Leukemia,1,HSC/MPP
Leukemia_GCGGGTTGTCATATCG-1,Leukemia,Leukemia,1,HSC/MPP
Leukemia_GCGGGTTGTTCTGAAC-1,Leukemia,Leukemia,1,HSC/MPP
Leukemia_GCTCTGTCAGCGTCCA-1,Leukemia,Leukemia,1,HSC/MPP
Leukemia_GCTCTGTTCATGCAAC-1,Leukemia,Leukemia,1,HSC/MPP
Leukemia_GCTGCAGTCACCAGGC-1,Leukemia,Leukemia,1,HSC/MPP
Leukemia_GCTGCAGTCAGTCCCT-1,Leukemia,Leukemia,1,HSC/MPP
Leukemia_GCTGCAGTCCATGAAC-1,Leukemia,Leukemia,1,HSC/MPP
Leukemia_GCTTCCACAGGATTGG-1,Leukemia,Leukemia,2,Mid erythroid
Leukemia_GCTTGAAGTATAATGG-1,Leukemia,Leukemia,2,Mid erythroid
Leukemia_GCTTGAAGTCTCACCT-1,Leukemia,Leukemia,1,HSC/MPP
Leukemia_GCTTGAAGTCTCCCTA-1,Leukemia,Leukemia,2,Mid erythroid
Leukemia_GCTTGAAGTGGCAAAC-1,Leukemia,Leukemia,1,HSC/MPP
Leukemia_GCTTGAAGTGTGAAAT-1,Leukemia,Leukemia,3,Early MK
Leukemia_GGAAAGCAGACTAGGC-1,Leukemia,Leukemia,3,Early MK
Leukemia_GGAAAGCAGAGTAATC-1,Leukemia,Leukemia,1,HSC/MPP
Leukemia_GGAAAGCGTGTAATGA-1,Leukemia,Leukemia,1,HSC/MPP
Leukemia_GGAACTTGTCCGTGAC-1,Leukemia,Leukemia,2,Early erythroid
Leukemia_GGAACTTTCGTACGGC-1,Leukemia,Leukemia,1,HSC/MPP
Leukemia_GGACAAGGTGCACGAA-1,Leukemia,Leukemia,1,HSC/MPP
Leukemia_GGACATTAGCGTTGCC-1,Leukemia,Leukemia,2,Mid erythroid
Leukemia_GGACATTAGTGCAAGC-1,Leukemia,Leukemia,1,HSC/MPP
Leukemia_GGACATTGTGAGGGTT-1,Leukemia,Leukemia,1,HSC/MPP
Leukemia_GGACATTGTGCGAAAC-1,Leukemia,Leukemia,1,HSC/MPP
Leukemia_GGACGTCCAAATCCGT-1,Leukemia,Leukemia,3,Early MK
Leukemia_GGACGTCCAATGTAAG-1,Leukemia,Leukemia,2,Early erythroid
Leukemia_GGAGCAAAGTGCCAGA-1,Leukemia,Leukemia,1,HSC/MPP
Leukemia_GGAGCAAAGTGTTTGC-1,Leukemia,Leukemia,1,HSC/MPP
Leukemia_GGAGCAACACATGGGA-1,Leukemia,Leukemia,2,Mid erythroid
Leukemia_GGAGCAACATATGAGA-1,Leukemia,Leukemia,4,CMP
Leukemia_GGATGTTGTGAAATCA-1,Leukemia,Leukemia,1,HSC/MPP
Leukemia_GGATTACTCCGCGTTT-1,Leukemia,Leukemia,1,HSC/MPP
Leukemia_GGATTACTCGCTTGTC-1,Leukemia,Leukemia,2,Mid erythroid
Leukemia_GGCAATTAGAGTCTGG-1,Leukemia,Leukemia,1,HSC/MPP
Leukemia_GGCCGATCATAGTAAG-1,Leukemia,Leukemia,2,Mid erythroid
Leukemia_GGCGACTCAGCGTCCA-1,Leukemia,Leukemia,2,Mid erythroid
Leukemia_GGCGACTGTTCTGTTT-1,Leukemia,Leukemia,2,Early erythroid
Leukemia_GGCGACTTCTGTTTGT-1,Leukemia,Leukemia,1,HSC/MPP
Leukemia_GGCGTGTGTCCTAGCG-1,Leukemia,Leukemia,1,HSC/MPP
Leukemia_GGCTCGAGTGGTTTCA-1,Leukemia,Leukemia,3,Early MK
Leukemia_GGCTGGTAGAACTGTA-1,Leukemia,Leukemia,1,HSC/MPP
Leukemia_GGCTGGTCACTGCCAG-1,Leukemia,Leukemia,1,HSC/MPP
Leukemia_GGCTGGTGTAGCCTCG-1,Leukemia,Leukemia,3,Early erythroid
Leukemia_GGCTGGTGTCAGAAGC-1,Leukemia,Leukemia,2,Mast cells
Leukemia_GGGAATGAGGCTCTTA-1,Leukemia,Leukemia,3,Early MK
Leukemia_GGGAATGCAGGATCGA-1,Leukemia,Leukemia,1,HSC/MPP
Leukemia_GGGAATGTCGTAGGTT-1,Leukemia,Leukemia,1,HSC/MPP
Leukemia_GGGAATGTCGTATCAG-1,Leukemia,Leukemia,4,CMP
Leukemia_GGGACCTCAGACGCAA-1,Leukemia,Leukemia,2,Mid erythroid
Leukemia_GGGAGATGTGCCTGTG-1,Leukemia,Leukemia,1,HSC/MPP
Leukemia_GGGATGACACTTGGAT-1,Leukemia,Leukemia,2,Mid erythroid
Leukemia_GGGATGATCGTACGGC-1,Leukemia,Leukemia,2,Early erythroid
Leukemia_GGGATGATCTCCTATA-1,Leukemia,Leukemia,3,Megakaryocyte-erythroid-mast cell progenitor
Leukemia_GGGCACTCATAAGACA-1,Leukemia,Leukemia,3,Megakaryocyte precursor
Leukemia_GGGCATCCAAGTAGTA-1,Leukemia,Leukemia,1,HSC/MPP
Leukemia_GGGTCTGAGAGGACGG-1,Leukemia,Leukemia,3,Megakaryocyte precursor
Leukemia_GGGTCTGTCTCGGACG-1,Leukemia,Leukemia,2,Mid erythroid
Leukemia_GGTATTGCAGTGACAG-1,Leukemia,Leukemia,1,HSC/MPP
Leukemia_GGTATTGCATTCACTT-1,Leukemia,Leukemia,1,HSC/MPP
Leukemia_GGTGAAGCACGTCAGC-1,Leukemia,Leukemia,2,Mid erythroid
Leukemia_GGTGAAGCATATGCTG-1,Leukemia,Leukemia,2,Mid erythroid
Leukemia_GGTGAAGGTACGCTGC-1,Leukemia,Leukemia,3,Megakaryocyte precursor
Leukemia_GGTGAAGTCGATCCCT-1,Leukemia,Leukemia,2,Mid erythroid
Leukemia_GGTGTTAAGCTACCTA-1,Leukemia,Leukemia,4,CMP
Leukemia_GGTGTTAGTACGCTGC-1,Leukemia,Leukemia,1,HSC/MPP
Leukemia_GGTGTTATCGCCTGAG-1,Leukemia,Leukemia,2,Mid erythroid
Leukemia_GTAACGTCACGGCGTT-1,Leukemia,Leukemia,2,Mid erythroid
Leukemia_GTAACGTCATAAAGGT-1,Leukemia,Leukemia,1,HSC/MPP
Leukemia_GTAACGTTCGCCCTTA-1,Leukemia,Leukemia,1,HSC/MPP
Leukemia_GTAACTGAGACTTGAA-1,Leukemia,Leukemia,3,Early erythroid
Leukemia_GTAACTGGTTACGGAG-1,Leukemia,Leukemia,1,HSC/MPP
Leukemia_GTAACTGTCCTGCCAT-1,Leukemia,Leukemia,2,Early erythroid
Leukemia_GTACGTAAGACAGACC-1,Leukemia,Leukemia,1,HSC/MPP
Leukemia_GTACGTAGTGATAAAC-1,Leukemia,Leukemia,4,CMP
Leukemia_GTACTCCCAATGTAAG-1,Leukemia,Leukemia,1,HSC/MPP
Leukemia_GTACTTTAGGTCATCT-1,Leukemia,Leukemia,1,HSC/MPP
Leukemia_GTACTTTGTGCCTGGT-1,Leukemia,Leukemia,1,HSC/MPP
Leukemia_GTACTTTTCCAATGGT-1,Leukemia,Leukemia,1,HSC/MPP
Leukemia_GTAGGCCCACGTGAGA-1,Leukemia,Leukemia,3,Megakaryocyte-erythroid-mast cell progenitor
Leukemia_GTAGTCAGTACAGCAG-1,Leukemia,Leukemia,2,Mid erythroid
Leukemia_GTATCTTTCTCATTCA-1,Leukemia,Leukemia,3,Megakaryocyte precursor
Leukemia_GTATTCTCAGATGGCA-1,Leukemia,Leukemia,3,Megakaryocyte precursor
Leukemia_GTCAAGTCAAGTCATC-1,Leukemia,Leukemia,3,Megakaryocyte-erythroid-mast cell progenitor
Leukemia_GTCAAGTCATTAGGCT-1,Leukemia,Leukemia,2,Mid erythroid
Leukemia_GTCACAAAGACTTGAA-1,Leukemia,Leukemia,3,Early erythroid
Leukemia_GTCACAAAGGTGCAAC-1,Leukemia,Leukemia,1,HSC/MPP
Leukemia_GTCACAATCAGTTTGG-1,Leukemia,Leukemia,2,Early erythroid
Leukemia_GTCACGGAGATCCGAG-1,Leukemia,Leukemia,1,HSC/MPP
Leukemia_GTCACGGCAAGGTGTG-1,Leukemia,Leukemia,1,HSC/MPP
Leukemia_GTCACGGCACGAAGCA-1,Leukemia,Leukemia,1,HSC/MPP
Leukemia_GTCACGGTCATTCACT-1,Leukemia,Leukemia,4,CMP
Leukemia_GTCATTTAGAAACCAT-1,Leukemia,Leukemia,1,HSC/MPP
Leukemia_GTCATTTCAACAACCT-1,Leukemia,Leukemia,1,HSC/MPP
Leukemia_GTCATTTTCGGTCTAA-1,Leukemia,Leukemia,1,HSC/MPP
Leukemia_GTCCTCACAATCGGTT-1,Leukemia,Leukemia,2,Mid erythroid
Leukemia_GTCCTCACATCCGCGA-1,Leukemia,Leukemia,2,Mid erythroid
Leukemia_GTCGGGTTCCTGCCAT-1,Leukemia,Leukemia,1,HSC/MPP
Leukemia_GTCGGGTTCGACCAGC-1,Leukemia,Leukemia,3,Early erythroid
Leukemia_GTCGTAACAACACCCG-1,Leukemia,Leukemia,1,HSC/MPP
Leukemia_GTCGTAAGTCATACTG-1,Leukemia,Leukemia,1,HSC/MPP
Leukemia_GTCTCGTTCTGCTTGC-1,Leukemia,Leukemia,1,HSC/MPP
Leukemia_GTCTTCGCAATCTACG-1,Leukemia,Leukemia,2,Mid erythroid
Leukemia_GTCTTCGTCACATGCA-1,Leukemia,Leukemia,1,HSC/MPP
Leukemia_GTGAAGGGTGAGTGAC-1,Leukemia,Leukemia,3,HSC/MPP
Leukemia_GTGCAGCGTCAATGTC-1,Leukemia,Leukemia,2,Mid erythroid
Leukemia_GTGCATAAGTTGCAGG-1,Leukemia,Leukemia,3,Early erythroid
Leukemia_GTGCATAGTTCGAATC-1,Leukemia,Leukemia,3,HSC/MPP
Leukemia_GTGCGGTAGGAGTACC-1,Leukemia,Leukemia,1,HSC/MPP
Leukemia_GTGCTTCCAATGGATA-1,Leukemia,Leukemia,3,Megakaryocyte precursor
Leukemia_GTGGGTCTCAGTGTTG-1,Leukemia,Leukemia,2,Mid erythroid
Leukemia_GTGGGTCTCCATGAGT-1,Leukemia,Leukemia,2,Mid erythroid
Leukemia_GTGTGCGAGTGGGATC-1,Leukemia,Leukemia,1,HSC/MPP
Leukemia_GTGTGCGCAAATCCGT-1,Leukemia,Leukemia,2,Mid erythroid
Leukemia_GTGTGCGCAGTATAAG-1,Leukemia,Leukemia,3,Megakaryocyte precursor
Leukemia_GTGTGCGGTGTGAAAT-1,Leukemia,Leukemia,3,Early erythroid
Leukemia_GTGTTAGCATGGTAGG-1,Leukemia,Leukemia,4,CMP
Leukemia_GTGTTAGGTTGGAGGT-1,Leukemia,Leukemia,2,Mid erythroid
Leukemia_GTTAAGCAGGCTAGCA-1,Leukemia,Leukemia,1,HSC/MPP
Leukemia_GTTACAGGTAGAGCTG-1,Leukemia,Leukemia,1,HSC/MPP
Leukemia_GTTACAGGTCTTCTCG-1,Leukemia,Leukemia,2,Early erythroid
Leukemia_GTTCATTAGACCTTTG-1,Leukemia,Leukemia,3,Megakaryocyte-erythroid-mast cell progenitor
Leukemia_GTTCATTGTATCACCA-1,Leukemia,Leukemia,1,HSC/MPP
Leukemia_GTTCATTGTGGCTCCA-1,Leukemia,Leukemia,2,Mast cells
Leukemia_GTTCGGGAGCAGCCTC-1,Leukemia,Leukemia,1,HSC/MPP
Leukemia_GTTCTCGAGTGAAGTT-1,Leukemia,Leukemia,2,Mid erythroid
Leukemia_GTTCTCGGTTCAGCGC-1,Leukemia,Leukemia,2,Mid erythroid
Leukemia_GTTTCTAAGGGATACC-1,Leukemia,Leukemia,3,Early erythroid
Leukemia_GTTTCTACACCTTGTC-1,Leukemia,Leukemia,1,HSC/MPP
Leukemia_TAAACCGAGGACATTA-1,Leukemia,Leukemia,2,Mid erythroid
Leukemia_TAAACCGAGGATCGCA-1,Leukemia,Leukemia,1,CMP
Leukemia_TAAGAGAAGTCGTACT-1,Leukemia,Leukemia,3,Megakaryocyte precursor
Leukemia_TAAGAGATCACCACCT-1,Leukemia,Leukemia,1,HSC/MPP
Leukemia_TAAGCGTGTTATCGGT-1,Leukemia,Leukemia,3,Early MK
Leukemia_TAAGCGTTCTCTAAGG-1,Leukemia,Leukemia,1,HSC/MPP
Leukemia_TAAGTGCAGGCACATG-1,Leukemia,Leukemia,2,Mid erythroid
Leukemia_TAAGTGCGTGTCGCTG-1,Leukemia,Leukemia,2,Mid erythroid
Leukemia_TACACGAAGGAGTCTG-1,Leukemia,Leukemia,1,HSC/MPP
Leukemia_TACACGACATTGGCGC-1,Leukemia,Leukemia,3,Early MK
Leukemia_TACAGTGAGGGTCGAT-1,Leukemia,Leukemia,3,Early MK
Leukemia_TACAGTGAGTCCTCCT-1,Leukemia,Leukemia,2,Early erythroid
Leukemia_TACCTATTCACCCTCA-1,Leukemia,Leukemia,1,HSC/MPP
Leukemia_TACCTTAGTAACGACG-1,Leukemia,Leukemia,2,Mid erythroid
Leukemia_TACGGATAGCTAGTCT-1,Leukemia,Leukemia,3,Early MK
Leukemia_TACGGATCAATAAGCA-1,Leukemia,Leukemia,1,HSC/MPP
Leukemia_TACGGATGTCCGAGTC-1,Leukemia,Leukemia,2,Early erythroid
Leukemia_TACGGGCTCAGGCAAG-1,Leukemia,Leukemia,1,HSC/MPP
Leukemia_TACGGGCTCCAACCAA-1,Leukemia,Leukemia,2,Mid erythroid
Leukemia_TACTCGCTCCCTAATT-1,Leukemia,Leukemia,1,HSC/MPP
Leukemia_TACTTGTCACAAGACG-1,Leukemia,Leukemia,1,HSC/MPP
Leukemia_TACTTGTTCTCGAGTA-1,Leukemia,Leukemia,1,HSC/MPP
Leukemia_TAGAGCTCATGCCTAA-1,Leukemia,Leukemia,3,Megakaryocyte precursor
Leukemia_TAGCCGGGTCGCATCG-1,Leukemia,Leukemia,0,HSC/MPP
Leukemia_TAGGCATAGCCAGAAC-1,Leukemia,Leukemia,1,HSC/MPP
Leukemia_TAGGCATCACATGTGT-1,Leukemia,Leukemia,3,Early MK
Leukemia_TAGGCATCAGGAACGT-1,Leukemia,Leukemia,1,HSC/MPP
Leukemia_TAGTTGGCAGCTTCGG-1,Leukemia,Leukemia,2,Early erythroid
Leukemia_TAGTTGGCATCCCATC-1,Leukemia,Leukemia,2,Mid erythroid
Leukemia_TATCTCAAGACGCACA-1,Leukemia,Leukemia,2,Mid erythroid
Leukemia_TATCTCACAAAGGTGC-1,Leukemia,Leukemia,1,HSC/MPP
Leukemia_TATCTCACAGCTCCGA-1,Leukemia,Leukemia,1,HSC/MPP
Leukemia_TATCTCAGTTGCGTTA-1,Leukemia,Leukemia,2,Mid erythroid
Leukemia_TATGCCCAGCGTTTAC-1,Leukemia,Leukemia,2,Early erythroid
Leukemia_TATGCCCAGTGTCCCG-1,Leukemia,Leukemia,2,Mid erythroid
Leukemia_TATGCCCCACCGTTGG-1,Leukemia,Leukemia,3,Early MK
Leukemia_TATGCCCGTCACCCAG-1,Leukemia,Leukemia,2,Mid erythroid
Leukemia_TATGCCCTCAGGTTCA-1,Leukemia,Leukemia,2,Mid erythroid
Leukemia_TCAACGACAAGCCATT-1,Leukemia,Leukemia,2,Mid erythroid
Leukemia_TCAACGACACAACTGT-1,Leukemia,Leukemia,1,HSC/MPP
Leukemia_TCAACGAGTTAAGGGC-1,Leukemia,Leukemia,2,Mid erythroid
Leukemia_TCAACGAGTTGGTAAA-1,Leukemia,Leukemia,2,Mid erythroid
Leukemia_TCAATCTCATGTCGAT-1,Leukemia,Leukemia,2,Early erythroid
Leukemia_TCAATCTCATTGGTAC-1,Leukemia,Leukemia,2,Mid erythroid
Leukemia_TCACAAGAGCAGATCG-1,Leukemia,Leukemia,1,HSC/MPP
Leukemia_TCACAAGGTCACACGC-1,Leukemia,Leukemia,2,Mid erythroid
Leukemia_TCACGAAAGCCTTGAT-1,Leukemia,Leukemia,1,HSC/MPP
Leukemia_TCACGAACAATCACAC-1,Leukemia,Leukemia,1,HSC/MPP
Leukemia_TCACGAACATAGAAAC-1,Leukemia,Leukemia,1,HSC/MPP
Leukemia_TCACGAAGTTTAGCTG-1,Leukemia,Leukemia,1,HSC/MPP
Leukemia_TCAGATGAGCTCTCGG-1,Leukemia,Leukemia,1,HSC/MPP
Leukemia_TCAGATGCAAAGGAAG-1,Leukemia,Leukemia,1,HSC/MPP
Leukemia_TCAGATGCAGACGTAG-1,Leukemia,Leukemia,1,HSC/MPP
Leukemia_TCAGCAAAGGCTCTTA-1,Leukemia,Leukemia,1,HSC/MPP
Leukemia_TCAGCAAAGTAGTGCG-1,Leukemia,Leukemia,3,Early erythroid
Leukemia_TCAGCAATCACTTACT-1,Leukemia,Leukemia,3,Megakaryocyte precursor
Leukemia_TCAGCTCCACGAAGCA-1,Leukemia,Leukemia,1,HSC/MPP
Leukemia_TCAGCTCGTGGTTTCA-1,Leukemia,Leukemia,1,HSC/MPP
Leukemia_TCAGCTCTCTGCTGTC-1,Leukemia,Leukemia,1,HSC/MPP
Leukemia_TCAGGATCACGAAGCA-1,Leukemia,Leukemia,1,HSC/MPP
Leukemia_TCAGGTAAGAAGAAGC-1,Leukemia,Leukemia,1,HSC/MPP
Leukemia_TCAGGTAAGAATGTTG-1,Leukemia,Leukemia,3,Early erythroid
Leukemia_TCAGGTACAGCCACCA-1,Leukemia,Leukemia,1,HSC/MPP
Leukemia_TCAGGTATCACGACTA-1,Leukemia,Leukemia,2,Mid erythroid
Leukemia_TCAGGTATCTTGACGA-1,Leukemia,Leukemia,1,HSC/MPP
Leukemia_TCATTTGCACACTGCG-1,Leukemia,Leukemia,4,CMP
Leukemia_TCATTTGTCGGCTTGG-1,Leukemia,Leukemia,1,HSC/MPP
Leukemia_TCCACACAGGTTCCTA-1,Leukemia,Leukemia,3,Early erythroid
Leukemia_TCGAGGCGTCTCCACT-1,Leukemia,Leukemia,1,HSC/MPP
Leukemia_TCGCGAGGTCAGTGGA-1,Leukemia,Leukemia,3,Early MK
Leukemia_TCGCGTTCATTCCTCG-1,Leukemia,Leukemia,1,HSC/MPP
Leukemia_TCGTACCAGGGTGTGT-1,Leukemia,Leukemia,1,HSC/MPP
Leukemia_TCGTACCCAGTCAGCC-1,Leukemia,Leukemia,1,HSC/MPP
Leukemia_TCGTACCCATCCAACA-1,Leukemia,Leukemia,2,Early erythroid
Leukemia_TCGTACCGTACTTAGC-1,Leukemia,Leukemia,1,HSC/MPP
Leukemia_TCGTACCTCATGTCTT-1,Leukemia,Leukemia,2,Mid erythroid
Leukemia_TCGTAGAGTTGTTTGG-1,Leukemia,Leukemia,1,HSC/MPP
Leukemia_TCGTAGATCGCTTGTC-1,Leukemia,Leukemia,1,HSC/MPP
Leukemia_TCTATTGCAATCCGAT-1,Leukemia,Leukemia,1,HSC/MPP
Leukemia_TCTATTGTCACGACTA-1,Leukemia,Leukemia,1,HSC/MPP
Leukemia_TCTATTGTCCAGAAGG-1,Leukemia,Leukemia,3,Early MK
Leukemia_TCTGAGAAGATATGCA-1,Leukemia,Leukemia,2,Mid erythroid
Leukemia_TCTGAGAGTTAGAACA-1,Leukemia,Leukemia,1,HSC/MPP
Leukemia_TCTGGAACAATAACGA-1,Leukemia,Leukemia,3,Megakaryocyte precursor
Leukemia_TCTGGAATCTGGTGTA-1,Leukemia,Leukemia,3,Megakaryocyte precursor
Leukemia_TCTTCGGGTTTAGCTG-1,Leukemia,Leukemia,3,Early MK
Leukemia_TGACAACCAATGAATG-1,Leukemia,Leukemia,1,HSC/MPP
Leukemia_TGACAACCATCCTAGA-1,Leukemia,Leukemia,2,Mid erythroid
Leukemia_TGACAACTCGGAGCAA-1,Leukemia,Leukemia,3,HSC/MPP
Leukemia_TGACAACTCTGGGCCA-1,Leukemia,Leukemia,1,HSC/MPP
Leukemia_TGACAACTCTTTCCTC-1,Leukemia,Leukemia,3,Megakaryocyte-erythroid-mast cell progenitor
Leukemia_TGACGGCAGGCCCTTG-1,Leukemia,Leukemia,3,Megakaryocyte-erythroid-mast cell progenitor
Leukemia_TGACGGCAGTGGTCCC-1,Leukemia,Leukemia,1,HSC/MPP
Leukemia_TGACTAGCAAGCCATT-1,Leukemia,Leukemia,3,Early MK
Leukemia_TGACTAGTCAAGGCTT-1,Leukemia,Leukemia,1,HSC/MPP
Leukemia_TGACTAGTCATAACCG-1,Leukemia,Leukemia,3,Early MK
Leukemia_TGACTTTAGACGACGT-1,Leukemia,Leukemia,1,HSC/MPP
Leukemia_TGACTTTAGCCCTAAT-1,Leukemia,Leukemia,1,HSC/MPP
Leukemia_TGACTTTCAACGATGG-1,Leukemia,Leukemia,2,Mid erythroid
Leukemia_TGACTTTTCACTTCAT-1,Leukemia,Leukemia,1,HSC/MPP
Leukemia_TGAGAGGTCAGGTTCA-1,Leukemia,Leukemia,2,Early erythroid
Leukemia_TGAGCCGAGGCATTGG-1,Leukemia,Leukemia,1,HSC/MPP
Leukemia_TGAGCCGAGTTGTAGA-1,Leukemia,Leukemia,2,Early erythroid
Leukemia_TGAGGGACAACTGCTA-1,Leukemia,Leukemia,2,Mid erythroid
Leukemia_TGATTTCAGTCTCCTC-1,Leukemia,Leukemia,2,Mid erythroid
Leukemia_TGATTTCGTAAATACG-1,Leukemia,Leukemia,1,HSC/MPP
Leukemia_TGATTTCGTGTGGTTT-1,Leukemia,Leukemia,1,HSC/MPP
Leukemia_TGATTTCTCTTCGAGA-1,Leukemia,Leukemia,2,Mid erythroid
Leukemia_TGCACCTAGCGTCAAG-1,Leukemia,Leukemia,2,Early erythroid
Leukemia_TGCACCTGTACTTGAC-1,Leukemia,Leukemia,1,HSC/MPP
Leukemia_TGCACCTTCTAACCGA-1,Leukemia,Leukemia,2,Mid erythroid
Leukemia_TGCCAAAGTCGGCACT-1,Leukemia,Leukemia,3,Megakaryocyte-erythroid-mast cell progenitor
Leukemia_TGCCAAATCCAGATCA-1,Leukemia,Leukemia,2,Mid erythroid
Leukemia_TGCCCATAGCGATCCC-1,Leukemia,Leukemia,1,HSC/MPP
Leukemia_TGCCCATAGTCTCAAC-1,Leukemia,Leukemia,1,HSC/MPP
Leukemia_TGCCCATCAAACGTGG-1,Leukemia,Leukemia,1,HSC/MPP
Leukemia_TGCCCTAAGAGCTGCA-1,Leukemia,Leukemia,1,HSC/MPP
Leukemia_TGCCCTAAGGCCGAAT-1,Leukemia,Leukemia,3,Megakaryocyte precursor
Leukemia_TGCCCTACACGACGAA-1,Leukemia,Leukemia,1,HSC/MPP
Leukemia_TGCCCTAGTAGTACCT-1,Leukemia,Leukemia,1,HSC/MPP
Leukemia_TGCGCAGAGGATGCGT-1,Leukemia,Leukemia,3,Megakaryocyte precursor
Leukemia_TGCGCAGAGGCGCTCT-1,Leukemia,Leukemia,1,HSC/MPP
Leukemia_TGCGCAGCACGGTAGA-1,Leukemia,Leukemia,1,HSC/MPP
Leukemia_TGCGGGTAGACTGGGT-1,Leukemia,Leukemia,2,Mid erythroid
Leukemia_TGCGGGTTCTCCCTGA-1,Leukemia,Leukemia,1,HSC/MPP
Leukemia_TGCTACCTCAATAAGG-1,Leukemia,Leukemia,1,HSC/MPP
Leukemia_TGCTGCTAGTGTCCCG-1,Leukemia,Leukemia,1,HSC/MPP
Leukemia_TGCTGCTTCCAGAGGA-1,Leukemia,Leukemia,1,HSC/MPP
Leukemia_TGGACGCGTGAACCTT-1,Leukemia,Leukemia,1,HSC/MPP
Leukemia_TGGACGCTCACCATAG-1,Leukemia,Leukemia,1,HSC/MPP
Leukemia_TGGACGCTCGGCTACG-1,Leukemia,Leukemia,3,HSC/MPP
Leukemia_TGGCCAGAGCGTAGTG-1,Leukemia,Leukemia,2,Mid erythroid
Leukemia_TGGCCAGTCAACACTG-1,Leukemia,Leukemia,1,HSC/MPP
Leukemia_TGGCCAGTCACATGCA-1,Leukemia,Leukemia,2,Mid erythroid
Leukemia_TGGCTGGAGGACACCA-1,Leukemia,Leukemia,1,HSC/MPP
Leukemia_TGGGAAGAGAAGGGTA-1,Leukemia,Leukemia,1,HSC/MPP
Leukemia_TGGTTAGTCCCACTTG-1,Leukemia,Leukemia,2,Mid erythroid
Leukemia_TGGTTCCAGCGGCTTC-1,Leukemia,Leukemia,1,HSC/MPP
Leukemia_TGGTTCCGTTGAACTC-1,Leukemia,Leukemia,1,HSC/MPP
Leukemia_TGTATTCAGCAGCCTC-1,Leukemia,Leukemia,1,HSC/MPP
Leukemia_TGTATTCAGCCGATTT-1,Leukemia,Leukemia,1,HSC/MPP
Leukemia_TGTATTCAGTGTACGG-1,Leukemia,Leukemia,3,Megakaryocyte-erythroid-mast cell progenitor
Leukemia_TGTATTCCAGATGAGC-1,Leukemia,Leukemia,2,Mast cells
Leukemia_TGTATTCGTTACAGAA-1,Leukemia,Leukemia,1,HSC/MPP
Leukemia_TGTATTCTCGATAGAA-1,Leukemia,Leukemia,2,Mid erythroid
Leukemia_TGTGGTATCCTTGACC-1,Leukemia,Leukemia,1,HSC/MPP
Leukemia_TGTGGTATCCTTGCCA-1,Leukemia,Leukemia,1,HSC/MPP
Leukemia_TGTGTTTCAGGTGCCT-1,Leukemia,Leukemia,2,Mid erythroid
Leukemia_TGTGTTTTCCTAAGTG-1,Leukemia,Leukemia,2,Mid erythroid
Leukemia_TGTTCCGAGCGATAGC-1,Leukemia,Leukemia,3,Early erythroid
Leukemia_TGTTCCGAGCTACCGC-1,Leukemia,Leukemia,2,Mast cells
Leukemia_TGTTCCGCAGGCTGAA-1,Leukemia,Leukemia,2,Mid erythroid
Leukemia_TGTTCCGGTCTAACGT-1,Leukemia,Leukemia,1,HSC/MPP
Leukemia_TTAACTCTCCAAACTG-1,Leukemia,Leukemia,2,Mid erythroid
Leukemia_TTAACTCTCTGCTGCT-1,Leukemia,Leukemia,2,Mid erythroid
Leukemia_TTAGGACCAAGCCATT-1,Leukemia,Leukemia,1,HSC/MPP
Leukemia_TTAGGACCAGTTCATG-1,Leukemia,Leukemia,1,HSC/MPP
Leukemia_TTAGGACGTTAAGACA-1,Leukemia,Leukemia,1,HSC/MPP
Leukemia_TTAGGACTCCATGCTC-1,Leukemia,Leukemia,1,HSC/MPP
Leukemia_TTAGGCACACAGTCGC-1,Leukemia,Leukemia,2,Early erythroid
Leukemia_TTAGTTCAGACACTAA-1,Leukemia,Leukemia,3,Early MK
Leukemia_TTAGTTCAGGCGCTCT-1,Leukemia,Leukemia,3,Early MK
Leukemia_TTAGTTCCAGAAGCAC-1,Leukemia,Leukemia,1,HSC/MPP
Leukemia_TTCCCAGTCTCCAGGG-1,Leukemia,Leukemia,1,HSC/MPP
Leukemia_TTCGAAGCAGTGGGAT-1,Leukemia,Leukemia,1,HSC/MPP
Leukemia_TTCGGTCAGTCCTCCT-1,Leukemia,Leukemia,3,Megakaryocyte precursor
Leukemia_TTCGGTCCACATGTGT-1,Leukemia,Leukemia,2,Mast cells
Leukemia_TTCTACAAGACGCAAC-1,Leukemia,Leukemia,1,HSC/MPP
Leukemia_TTCTACACACAGATTC-1,Leukemia,Leukemia,3,Early erythroid
Leukemia_TTCTACAGTGGCAAAC-1,Leukemia,Leukemia,1,HSC/MPP
Leukemia_TTCTACAGTTCACCTC-1,Leukemia,Leukemia,1,HSC/MPP
Leukemia_TTCTCAACATGCCCGA-1,Leukemia,Leukemia,1,HSC/MPP
Leukemia_TTCTCAAGTGGAAAGA-1,Leukemia,Leukemia,2,Mid erythroid
Leukemia_TTCTCAATCTATCCCG-1,Leukemia,Leukemia,1,HSC/MPP
Leukemia_TTCTCCTAGTGGAGTC-1,Leukemia,Leukemia,2,Mid erythroid
Leukemia_TTCTCCTCACTTGGAT-1,Leukemia,Leukemia,2,Mid erythroid
Leukemia_TTCTTAGCAGTCGATT-1,Leukemia,Leukemia,1,HSC/MPP
Leukemia_TTGAACGCATGACATC-1,Leukemia,Leukemia,1,HSC/MPP
Leukemia_TTGAACGCATGGAATA-1,Leukemia,Leukemia,2,Early erythroid
Leukemia_TTGACTTAGTAGGCCA-1,Leukemia,Leukemia,3,Megakaryocyte precursor
Leukemia_TTGACTTGTACGCACC-1,Leukemia,Leukemia,2,Mid erythroid
Leukemia_TTGACTTGTAGGCTGA-1,Leukemia,Leukemia,2,Early erythroid
Leukemia_TTGACTTGTGCAGACA-1,Leukemia,Leukemia,3,Megakaryocyte-erythroid-mast cell progenitor
Leukemia_TTGCCGTCACGGTAGA-1,Leukemia,Leukemia,2,Mid erythroid
Leukemia_TTGCGTCCACCGGAAA-1,Leukemia,Leukemia,1,HSC/MPP
Leukemia_TTGCGTCTCTTACCGC-1,Leukemia,Leukemia,3,Megakaryocyte-erythroid-mast cell progenitor
Leukemia_TTGTAGGGTCAGCTAT-1,Leukemia,Leukemia,3,Megakaryocyte-erythroid-mast cell progenitor
Leukemia_TTTACTGTCGTTGACA-1,Leukemia,Leukemia,2,Mid erythroid
Leukemia_TTTACTGTCTTCCTTC-1,Leukemia,Leukemia,2,Early erythroid
Leukemia_TTTATGCAGCTATGCT-1,Leukemia,Leukemia,1,HSC/MPP
Leukemia_TTTATGCGTAAACCTC-1,Leukemia,Leukemia,1,HSC/MPP
Leukemia_TTTATGCGTCATGCCG-1,Leukemia,Leukemia,1,HSC/MPP
Leukemia_TTTATGCGTTTACTCT-1,Leukemia,Leukemia,2,Early erythroid
Leukemia_TTTATGCTCTCAAACG-1,Leukemia,Leukemia,1,HSC/MPP
Leukemia_TTTGCGCGTGAAATCA-1,Leukemia,Leukemia,1,HSC/MPP
