,UMAP1,UMAP2
Normal_AAACCTGAGGACCACA-1,10.650701,4.373715
Normal_AAACCTGGTTTGGGCC-1,10.889911,7.734537
Normal_AAACGGGAGCAATATG-1,4.456213,4.0807962
Normal_AAACGGGCATGTCTCC-1,11.369093,7.030703
Normal_AAACGGGTCGCGCCAA-1,10.31257,9.11842
Normal_AAAGATGGTAGAGTGC-1,10.6630535,7.6471944
Normal_AAAGATGTCAGCGACC-1,6.4858017,7.5378695
Normal_AACACGTCACTTCTGC-1,11.201736,9.195567
Normal_AACCGCGAGGGTGTGT-1,10.018027,6.7559156
Normal_AACCGCGCAGCGTCCA-1,9.672044,4.9240165
Normal_AACCGCGCATCCCATC-1,10.845861,4.962338
Normal_AACCGCGTCCCTAACC-1,10.613504,7.8674965
Normal_AACGTTGTCAAGATCC-1,11.5951185,6.238822
Normal_AACTCAGCACTCGACG-1,10.490382,5.1045923
Normal_AACTCCCCATTACGAC-1,9.014797,7.532977
Normal_AACTCCCTCTAAGCCA-1,10.556253,10.278505
Normal_AACTCTTAGGCATTGG-1,10.535328,7.0649123
Normal_AACTGGTGTCCGAATT-1,11.1237955,8.569079
Normal_AACTGGTTCCTGCTTG-1,9.792577,9.283864
Normal_AACTTTCCAGATGGCA-1,8.356597,7.364691
Normal_AACTTTCTCAGGCGAA-1,9.61306,9.831781
Normal_AAGACCTAGGAATGGA-1,10.416476,8.458277
Normal_AAGACCTCAAATACAG-1,10.375226,7.7066374
Normal_AAGACCTTCGGATGGA-1,10.198474,5.4651036
Normal_AAGCCGCAGATGGGTC-1,8.445659,8.387774
Normal_AAGCCGCCACGACTCG-1,8.681362,9.3169
Normal_AAGGCAGAGCTTTGGT-1,8.879078,8.229234
Normal_AAGGTTCAGCATGGCA-1,8.356191,8.24095
Normal_AAGTCTGCACATGGGA-1,8.490398,8.97098
Normal_AATCCAGAGTATTGGA-1,11.066909,9.281527
Normal_AATCGGTTCGCGATCG-1,10.37767,7.455827
Normal_AATCGGTTCTCTTGAT-1,9.697369,6.766982
Normal_ACACCCTCATATGAGA-1,8.958182,8.155055
Normal_ACACCGGGTCTGGAGA-1,10.581651,7.137674
Normal_ACACCGGGTGTGCGTC-1,10.216521,7.734233
Normal_ACACCGGGTTGTACAC-1,10.435114,5.25487
Normal_ACAGCCGAGACCACGA-1,10.704974,8.316101
Normal_ACAGCCGAGTCGTACT-1,11.973157,5.8096733
Normal_ACAGCCGTCGGAGGTA-1,6.556068,7.3111115
Normal_ACAGCTAGTCATCCCT-1,11.115657,7.0599036
Normal_ACATACGCACAGGTTT-1,10.933649,8.296288
Normal_ACATACGCATCCGTGG-1,10.093699,5.9933157
Normal_ACATCAGAGATTACCC-1,11.170678,9.105666
Normal_ACATCAGAGGCAAAGA-1,11.016225,8.613764
Normal_ACATGGTGTCGCGAAA-1,10.370439,6.81362
Normal_ACCAGTAGTAAGTTCC-1,9.668256,10.1362705
Normal_ACCAGTATCTAAGCCA-1,7.5107403,8.032023
Normal_ACCCACTAGTCAAGGC-1,9.712874,9.50327
Normal_ACCCACTAGTCCATAC-1,10.5113945,4.5298796
Normal_ACCCACTCACGGTAGA-1,6.534742,7.183947
Normal_ACCCACTTCAGCAACT-1,10.362638,6.3848
Normal_ACCGTAAAGCCTATGT-1,10.476821,4.176464
Normal_ACCGTAAGTCTCCACT-1,11.129166,7.4768953
Normal_ACGAGGAAGTGGAGTC-1,10.230028,6.61315
Normal_ACGAGGAGTTGAACTC-1,11.017018,8.010896
Normal_ACGATGTAGTAGGTGC-1,9.5832815,5.168455
Normal_ACGATGTCAAGCGCTC-1,10.418365,6.336156
Normal_ACGATGTGTTCCACAA-1,10.85462,4.4031057
Normal_ACGCAGCGTACCGGCT-1,8.136076,7.317898
Normal_ACGCCAGGTGTCGCTG-1,8.701628,8.193455
Normal_ACGGAGACAGTCTTCC-1,7.824032,7.5789404
Normal_ACGGAGAGTTCGTTGA-1,7.5218163,8.002018
Normal_ACGGAGATCGATAGAA-1,8.82544,6.529498
Normal_ACGGCCAGTGCGAAAC-1,11.533008,8.351886
Normal_ACGGGCTAGCGCTCCA-1,9.735593,8.504244
Normal_ACGGGCTCAGTATAAG-1,8.2953615,7.442966
Normal_ACGGGTCAGTCGTACT-1,9.39334,6.5793905
Normal_ACGGGTCAGTGGAGTC-1,7.26218,7.5806847
Normal_ACGGGTCCACGAGGTA-1,11.432003,8.400012
Normal_ACGTCAAGTAATAGCA-1,11.40892,7.83742
Normal_ACTGAACAGTGGTAGC-1,10.39362,8.004844
Normal_ACTGAACGTTCGCGAC-1,9.984046,6.072409
Normal_ACTTACTAGAGTAATC-1,6.1561317,6.9909954
Normal_ACTTACTTCACCTTAT-1,10.399223,8.07653
Normal_ACTTACTTCCGGGTGT-1,9.693341,5.6590686
Normal_ACTTGTTAGATGGCGT-1,11.1397,5.8658557
Normal_ACTTGTTCAGCATACT-1,10.897274,7.039142
Normal_ACTTTCAAGCCAGTAG-1,11.135531,8.409595
Normal_ACTTTCATCCACGCAG-1,10.755335,9.147328
Normal_AGACGTTTCCGCATCT-1,6.164301,6.962734
Normal_AGAGCGAAGACTGGGT-1,10.1411915,6.8495965
Normal_AGAGCGAGTAGCTTGT-1,11.22141,5.4065814
Normal_AGAGCGAGTCACCCAG-1,9.614272,5.1469774
Normal_AGAGCTTAGCCACGCT-1,10.853872,8.134718
Normal_AGATCTGGTCAACTGT-1,10.140996,8.279139
Normal_AGCAGCCAGCGCTCCA-1,8.76121,6.474204
Normal_AGCAGCCAGTCATGCT-1,9.476111,7.5751705
Normal_AGCAGCCCAGTGGGAT-1,9.681499,5.2341914
Normal_AGCAGCCTCTCTGAGA-1,11.58588,7.5198627
Normal_AGCATACCACCACCAG-1,6.7886963,7.742514
Normal_AGCGGTCGTCCGACGT-1,8.221532,8.57126
Normal_AGCGTATAGTGGAGTC-1,11.032032,9.195999
Normal_AGCGTATCAGTCAGCC-1,9.4867325,7.2174144
Normal_AGCGTATGTCAAAGCG-1,10.808103,9.274072
Normal_AGCGTCGGTTAAAGAC-1,9.494842,7.077145
Normal_AGCGTCGGTTGTACAC-1,10.455113,7.5766745
Normal_AGCTCTCAGCGATAGC-1,11.292917,4.7054114
Normal_AGCTTGATCCGATATG-1,10.453718,8.218193
Normal_AGGCCACGTACGCTGC-1,7.753449,7.4930243
Normal_AGGCCACTCGTAGGAG-1,9.616852,10.031348
Normal_AGGCCGTAGTACGCCC-1,11.31157,4.7263064
Normal_AGGCCGTCAGTCGTGC-1,11.041188,8.506676
Normal_AGGCCGTGTCAGCTAT-1,10.049096,7.011464
Normal_AGGCCGTGTCGCATAT-1,9.6717415,4.293266
Normal_AGGCCGTTCGGACAAG-1,10.750275,4.5002093
Normal_AGGGAGTGTTAAAGAC-1,8.474022,8.8167
Normal_AGGTCATCATTCCTGC-1,10.042,6.7459207
Normal_AGGTCCGCAAGCTGTT-1,7.1651025,7.730852
Normal_AGGTCCGGTTAAGGGC-1,10.40204,4.2680383
Normal_AGTAGTCAGAGTACCG-1,9.874227,10.046609
Normal_AGTAGTCAGATAGGAG-1,9.446704,9.487408
Normal_AGTCTTTAGACGCACA-1,8.064127,8.303435
Normal_AGTCTTTAGTGGTAAT-1,10.542703,10.09052
Normal_AGTCTTTAGTTGTAGA-1,8.717199,8.194144
Normal_AGTCTTTTCGCGGATC-1,11.600804,6.311504
Normal_AGTCTTTTCTTCCTTC-1,10.323699,8.274231
Normal_AGTGAGGCAATGCCAT-1,11.932546,4.9215145
Normal_AGTGTCAAGTCAAGCG-1,8.822925,8.595775
Normal_AGTGTCATCTAGAGTC-1,10.07292,6.6740947
Normal_AGTTGGTGTACATCCA-1,9.340955,8.977644
Normal_AGTTGGTGTCTGGAGA-1,10.1877775,7.4270225
Normal_ATAACGCAGTCGCCGT-1,9.094264,5.122023
Normal_ATAACGCCAGCGAACA-1,10.761045,9.418064
Normal_ATAACGCTCTGCAAGT-1,10.930688,5.2021394
Normal_ATAAGAGTCTCGAGTA-1,10.638095,5.303933
Normal_ATAGACCGTCGTCTTC-1,12.005839,5.8425393
Normal_ATCACGAAGTGTGGCA-1,10.483395,8.30572
Normal_ATCCGAAGTGTCTGAT-1,8.716552,7.176815
Normal_ATCCGAAGTTCCCGAG-1,9.452499,8.051974
Normal_ATCCGAATCCGAACGC-1,10.36012,7.827127
Normal_ATCGAGTGTAGGAGTC-1,9.93919,7.391349
Normal_ATCGAGTTCGAGAGCA-1,6.46701,7.1432395
Normal_ATCTACTAGACAAGCC-1,7.295007,8.020601
Normal_ATCTACTGTACCTACA-1,9.8693495,6.2088456
Normal_ATCTACTTCTTCATGT-1,9.106477,7.704743
Normal_ATCTGCCGTTGGTGGA-1,9.373571,8.705744
Normal_ATCTGCCTCACGAAGG-1,9.937704,6.4170885
Normal_ATGAGGGTCGTTACAG-1,9.345156,8.000226
Normal_ATGAGGGTCTTTCCTC-1,9.523961,3.8427727
Normal_ATGGGAGAGATTACCC-1,11.018866,8.022053
Normal_ATGGGAGCAGGTCCAC-1,10.980625,7.8077765
Normal_ATGGGAGGTAGCACGA-1,7.3620496,8.088718
Normal_ATGGGAGGTATCACCA-1,6.8020983,7.5105133
Normal_ATGTGTGGTGTGGCTC-1,8.203685,8.328414
Normal_ATGTGTGTCACGCGGT-1,11.19126,4.3260665
Normal_ATTACTCCACGGTAGA-1,10.753966,4.746472
Normal_ATTATCCAGCTAACTC-1,11.013267,8.74146
Normal_ATTATCCTCTGTGCAA-1,10.846421,7.798748
Normal_ATTCTACGTATTCGTG-1,11.582219,8.124017
Normal_ATTGGACCATCCGTGG-1,8.658003,8.733974
Normal_ATTGGTGAGCAGACTG-1,10.367399,4.8142505
Normal_ATTTCTGCAGGTTTCA-1,9.458576,8.560715
Normal_CAACCTCCACGCATCG-1,10.548588,8.804482
Normal_CAACTAGGTCTGCCAG-1,9.121451,8.056401
Normal_CAAGATCCAAGACGTG-1,10.152789,4.240331
Normal_CAAGATCGTATATGAG-1,4.4558306,3.5714428
Normal_CAAGATCGTTGTACAC-1,11.358661,5.9705024
Normal_CAAGATCTCACGCATA-1,7.5972447,8.253218
Normal_CAAGGCCAGACCGGAT-1,10.809579,5.0472746
Normal_CAAGGCCAGTTCGCAT-1,10.446074,9.046316
Normal_CAAGGCCGTCGCGAAA-1,10.089934,7.5625367
Normal_CAAGTTGGTCATGCCG-1,10.076639,7.603867
Normal_CACAAACAGTACATGA-1,10.821239,7.1043496
Normal_CACAAACCACTTCGAA-1,10.222303,10.271732
Normal_CACAAACGTCCGAGTC-1,10.222455,4.691917
Normal_CACACAAAGTTGTAGA-1,10.981748,5.3622847
Normal_CACAGGCCACAAGTAA-1,8.101899,6.868974
Normal_CACAGGCTCGTGGACC-1,10.877165,7.707194
Normal_CACAGTAAGAACTCGG-1,9.772583,8.749339
Normal_CACAGTACAGCTCGCA-1,12.141571,4.536755
Normal_CACAGTACATTCGACA-1,10.976537,8.525665
Normal_CACATAGCAGCCTATA-1,11.114982,5.279934
Normal_CACATAGTCCAGTATG-1,8.106778,8.33902
Normal_CACATTTCAAGACACG-1,10.710854,9.804711
Normal_CACATTTGTTGATTGC-1,10.535458,4.1379995
Normal_CACCACTCATGTAAGA-1,7.869074,7.0499344
Normal_CACCACTTCAATACCG-1,9.7395525,5.902008
Normal_CACCTTGCAATGACCT-1,8.146648,8.502019
Normal_CACCTTGTCTCAAACG-1,10.060882,4.7693696
Normal_CACTCCAAGTACGTAA-1,11.091098,6.0566745
Normal_CACTCCATCTTAGCCC-1,5.291525,6.28856
Normal_CAGAATCCATGACGGA-1,9.446694,8.865807
Normal_CAGAATCTCCCAACGG-1,7.3369484,7.498901
Normal_CAGAATCTCTGGTGTA-1,9.810713,4.91791
Normal_CAGAGAGGTGCATCTA-1,11.704958,6.3966885
Normal_CAGATCACAGGTGGAT-1,10.887587,7.864433
Normal_CAGATCAGTAAGTTCC-1,6.4488955,7.293695
Normal_CAGCCGAAGTGAAGTT-1,7.9778433,7.205991
Normal_CAGCCGAGTAGGCTGA-1,9.272559,6.4567385
Normal_CAGCCGATCCACTGGG-1,9.828041,6.917727
Normal_CAGCGACAGACATAAC-1,10.4886465,9.35767
Normal_CAGCGACCAAGCGCTC-1,9.384996,7.1907897
Normal_CAGCGACGTCACCCAG-1,12.558121,4.3744764
Normal_CAGCTGGCAACTGCGC-1,11.807541,6.176625
Normal_CAGGTGCAGACAGAGA-1,11.623575,4.4501348
Normal_CAGGTGCAGGCAAAGA-1,6.9088697,7.788403
Normal_CAGGTGCCAGATAATG-1,10.35557,9.4084425
Normal_CAGTAACCACTAGTAC-1,10.526014,8.097187
Normal_CAGTAACTCCGTCATC-1,9.378787,9.4139
Normal_CAGTCCTAGATCCTGT-1,11.572108,6.687071
Normal_CATATGGCACTGTTAG-1,9.884656,7.3289337
Normal_CATATGGCAGGTGCCT-1,9.7824,8.351042
Normal_CATATGGTCCCGGATG-1,9.163411,7.6381683
Normal_CATATTCAGCTAACAA-1,6.467408,7.205535
Normal_CATATTCAGTGTCCCG-1,0.9237635,0.6743054
Normal_CATCCACGTCGAGTTT-1,11.053623,5.089942
Normal_CATCCACGTTCACCTC-1,8.811727,5.973855
Normal_CATCGAATCCACGACG-1,10.636744,7.7553144
Normal_CATCGGGAGGACGAAA-1,9.605669,-0.3587729
Normal_CATGACAAGAGGTACC-1,10.835198,8.864793
Normal_CATGACACAATGGATA-1,8.9078045,6.869214
Normal_CATGCCTTCTGACCTC-1,4.943471,5.9621363
Normal_CATTATCAGCAGACTG-1,7.5684357,7.2887225
Normal_CATTATCCACAAGCCC-1,10.989746,7.784867
Normal_CATTATCGTTCACGGC-1,9.63766,3.7983634
Normal_CATTCGCCATGCAACT-1,9.556956,8.274743
Normal_CATTCGCGTAGAGCTG-1,10.292594,8.597693
Normal_CATTCGCTCGAATGCT-1,9.189586,8.123393
Normal_CATTCGCTCGTCGTTC-1,10.71436,4.4057393
Normal_CCAATCCCACCGAATT-1,8.521933,9.036825
Normal_CCAATCCCAGCCTTGG-1,10.3617735,8.643574
Normal_CCAATCCGTTAAGATG-1,7.584941,8.117682
Normal_CCAATCCTCCGTACAA-1,11.014759,8.023831
Normal_CCACCTAAGCTCCTCT-1,10.898815,7.2972817
Normal_CCACCTACACCGCTAG-1,9.487309,6.0666456
Normal_CCACCTACATGGATGG-1,7.1304846,7.5109324
Normal_CCACCTAGTATCAGTC-1,9.640536,8.509553
Normal_CCACGGACAGCTGCTG-1,9.8725395,5.469093
Normal_CCACTACAGACAGGCT-1,10.920217,7.213752
Normal_CCACTACGTTATCGGT-1,10.961924,7.0017867
Normal_CCACTACTCAAACGGG-1,9.5695505,7.180246
Normal_CCACTACTCTCCAGGG-1,11.032893,9.431927
Normal_CCAGCGAAGTCCATAC-1,10.948643,9.55459
Normal_CCATGTCAGTCCAGGA-1,-0.70795137,0.32345602
Normal_CCATGTCCAGTTCCCT-1,9.489903,5.715079
Normal_CCATGTCGTTATTCTC-1,7.868302,7.0420427
Normal_CCATGTCTCGCTTGTC-1,9.788667,8.575676
Normal_CCATTCGCACATGGGA-1,8.10216,7.8617535
Normal_CCATTCGCAGATCCAT-1,9.3747,8.153248
Normal_CCCAATCTCATAGCAC-1,9.594399,7.8420143
Normal_CCCAGTTGTTAAGACA-1,10.924128,6.8168416
Normal_CCCATACAGGAGTCTG-1,12.0944,5.2992625
Normal_CCCTCCTAGCCTCGTG-1,6.5630145,7.365622
Normal_CCCTCCTCAATGGAGC-1,8.57681,8.397244
Normal_CCGGGATTCAAGGCTT-1,10.955223,9.26591
Normal_CCGGGATTCTACGAGT-1,10.794166,9.490214
Normal_CCGGGATTCTCGTATT-1,10.609427,10.142026
Normal_CCGGTAGAGTACATGA-1,10.442529,3.9517639
Normal_CCGGTAGTCTGAGTGT-1,10.162141,6.0516467
Normal_CCGTGGACAGAAGCAC-1,8.255257,8.570631
Normal_CCGTTCACACAGCGTC-1,5.0143056,5.9988346
Normal_CCTACACGTTTGTTGG-1,9.484609,9.204492
Normal_CCTACACTCGTACGGC-1,11.29541,8.420462
Normal_CCTACCAAGGATATAC-1,11.057792,4.7788606
Normal_CCTACCAAGGTAGCTG-1,9.691166,7.0185647
Normal_CCTAGCTAGTTCGCAT-1,8.727515,8.336349
Normal_CCTAGCTGTAAGGGCT-1,8.769169,8.140604
Normal_CCTCAGTTCCTTTCTC-1,10.580636,8.608066
Normal_CCTCAGTTCTGCGTAA-1,10.970963,8.970244
Normal_CCTTACGGTCGAGTTT-1,9.777707,7.520388
Normal_CCTTACGTCGTGACAT-1,10.710606,10.165654
Normal_CCTTCCCAGCGAAGGG-1,11.320473,4.4038277
Normal_CCTTTCTAGAAACGCC-1,9.349527,8.246097
Normal_CCTTTCTCATGACGGA-1,8.911578,9.088655
Normal_CGAACATCACCCAGTG-1,10.376387,8.872398
Normal_CGAATGTCAGTCAGAG-1,9.6265,9.138349
Normal_CGACCTTAGTGTACCT-1,11.060963,8.296077
Normal_CGACTTCCAGCGATCC-1,12.211477,4.551224
Normal_CGAGAAGAGCCAGTTT-1,12.342028,4.5646453
Normal_CGAGCACCAAATTGCC-1,9.252271,7.3317766
Normal_CGAGCCAAGGATCGCA-1,12.415938,4.48635
Normal_CGATGTAAGATCGATA-1,10.325207,5.5856857
Normal_CGATGTAAGCGATTCT-1,10.599791,5.257983
Normal_CGATGTACATTCCTGC-1,9.593865,5.7771482
Normal_CGCCAAGAGGGCTCTC-1,10.586326,9.780244
Normal_CGCCAAGTCATAGCAC-1,11.300601,8.146649
Normal_CGCCAAGTCTTCGAGA-1,10.114164,5.4737067
Normal_CGCGGTAAGGCCATAG-1,11.181026,4.576004
Normal_CGCGGTAAGTCGTTTG-1,9.685601,5.812733
Normal_CGCGTTTAGAAACCTA-1,9.670142,8.361115
Normal_CGCGTTTAGACTAAGT-1,10.36287,9.973572
Normal_CGCTATCCAGATGGCA-1,10.010119,6.981283
Normal_CGCTGGAAGAAGGTTT-1,10.964763,8.785259
Normal_CGCTGGAAGCTAGTTC-1,8.9946,6.9884443
Normal_CGCTGGACACCCTATC-1,11.160951,7.1829104
Normal_CGCTTCAGTTATGCGT-1,10.581053,7.940229
Normal_CGCTTCATCGCCTGTT-1,8.745548,7.184944
Normal_CGGACACCAAACCTAC-1,10.063455,4.184425
Normal_CGGACACCAGCGTTCG-1,8.981541,3.7265906
Normal_CGGACGTTCTTAGCCC-1,11.085134,7.5072436
Normal_CGGACTGAGTCAAGCG-1,9.806084,7.5502048
Normal_CGGACTGCATAAAGGT-1,10.098542,8.76962
Normal_CGGAGCTGTAGCACGA-1,10.383519,9.081074
Normal_CGGAGCTTCTGCGGCA-1,12.1691,4.392832
Normal_CGGAGTCAGATGTCGG-1,12.2866125,4.5018406
Normal_CGGAGTCTCCTTGGTC-1,11.131107,4.695188
Normal_CGGCTAGAGATCGGGT-1,9.461165,8.380391
Normal_CGGGTCATCCGTACAA-1,8.600157,9.02153
Normal_CGGGTCATCGGATGGA-1,12.214575,4.415954
Normal_CGGTTAATCGTAGGAG-1,10.82881,5.6162734
Normal_CGTAGCGAGTTAAGTG-1,9.186457,8.777223
Normal_CGTAGGCGTGAGGGAG-1,10.291741,9.123715
Normal_CGTCACTAGAGCAATT-1,9.9629,6.442211
Normal_CGTCACTGTCAGAGGT-1,10.763261,8.387901
Normal_CGTCACTGTTTAGCTG-1,11.394652,7.389554
Normal_CGTCACTTCCAGATCA-1,10.376744,8.427322
Normal_CGTCTACAGTTTGCGT-1,10.125337,6.1698866
Normal_CGTGAGCCAATGTTGC-1,7.430016,7.0376
Normal_CGTGTAATCATCGATG-1,9.959376,5.046807
Normal_CGTGTCTGTACAGACG-1,10.80409,6.2226725
Normal_CGTTAGACAAGGGTCA-1,9.302339,5.7673354
Normal_CGTTAGAGTAAGGATT-1,8.790943,9.447191
Normal_CGTTAGATCCACTCCA-1,11.241578,6.667957
Normal_CGTTCTGAGCCCGAAA-1,10.615772,6.2120275
Normal_CGTTCTGGTCCTGCTT-1,9.340205,7.362124
Normal_CGTTGGGCATTGGCGC-1,8.44796,8.10629
Normal_CGTTGGGGTATCACCA-1,10.160163,9.360288
Normal_CGTTGGGTCACCGTAA-1,9.112312,8.623213
Normal_CTAACTTCAGCCACCA-1,10.79145,5.8908267
Normal_CTAAGACAGAAACCAT-1,9.31089,7.9764185
Normal_CTAAGACCAATTGCTG-1,9.079329,3.7086704
Normal_CTAAGACTCAAACCAC-1,6.3508697,7.2764926
Normal_CTAAGACTCGAATGGG-1,9.013332,8.255113
Normal_CTAATGGGTATAGTAG-1,10.164985,4.8073287
Normal_CTAATGGTCAGCGATT-1,10.836303,4.7425995
Normal_CTAATGGTCCTCATTA-1,11.017827,8.993417
Normal_CTACACCAGTGGTAAT-1,9.08663,9.641671
Normal_CTACACCAGTTGTCGT-1,10.886953,8.735001
Normal_CTACACCCATCTCCCA-1,9.248953,5.2777243
Normal_CTACCCATCACATACG-1,6.416436,7.0469956
Normal_CTACGTCCATGAACCT-1,8.300721,6.873776
Normal_CTACGTCGTAACGACG-1,10.820361,7.4217386
Normal_CTAGAGTAGTGTCTCA-1,4.742925,5.7606626
Normal_CTAGCCTCAATCTACG-1,11.450377,7.856757
Normal_CTAGCCTTCACTCCTG-1,8.9848795,7.1174216
Normal_CTAGTGACATCGATGT-1,11.394078,4.3783584
Normal_CTAGTGAGTTGTGGCC-1,6.7701063,7.4053283
Normal_CTCACACCAAACCCAT-1,8.423399,7.381975
Normal_CTCACACCAGATCTGT-1,11.075962,4.7792125
Normal_CTCACACTCACCCGAG-1,8.299868,8.559902
Normal_CTCATTATCGGTCTAA-1,9.8585415,6.301276
Normal_CTCCTAGAGACCTAGG-1,10.542049,4.875411
Normal_CTCGAGGAGTGAAGAG-1,10.5767765,8.436437
Normal_CTCGGAGAGTGTGGCA-1,10.3649235,6.8122187
Normal_CTCGGGAAGACCTAGG-1,10.372461,6.045246
Normal_CTCGGGAAGCTGATAA-1,10.353531,10.118465
Normal_CTCGTACAGACCTAGG-1,10.320282,4.5242777
Normal_CTCGTACGTTGTCTTT-1,10.621194,8.351769
Normal_CTCTGGTAGATCGGGT-1,8.930229,7.7158446
Normal_CTCTGGTAGTTGAGAT-1,10.9150505,4.843593
Normal_CTGAAACAGCCGGTAA-1,9.832027,7.810908
Normal_CTGAAACCATGCCCGA-1,6.8039265,7.809552
Normal_CTGAAACTCAAACCAC-1,10.876661,5.444238
Normal_CTGAAGTAGGATGCGT-1,9.422502,9.208629
Normal_CTGAAGTCAAACTGCT-1,10.933328,9.258464
Normal_CTGAAGTTCGCTGATA-1,11.9906645,4.268821
Normal_CTGAAGTTCTGATTCT-1,11.246533,4.3939753
Normal_CTGATAGAGTCGTACT-1,9.0147915,5.302554
Normal_CTGATCCAGGTGCACA-1,8.607628,7.9129395
Normal_CTGCGGAAGAACTCGG-1,9.695929,9.013318
Normal_CTGGTCTGTACATGTC-1,10.278855,7.6906796
Normal_CTGGTCTGTGCAACGA-1,9.15739,8.451588
Normal_CTGTTTACACAGCCCA-1,10.170644,5.7856
Normal_CTTAGGAGTTCACCTC-1,8.906735,7.4232626
Normal_CTTAGGATCGTCGTTC-1,7.34699,7.30533
Normal_CTTCTCTAGGTAAACT-1,9.875021,7.714196
Normal_CTTCTCTGTACCGTAT-1,10.169946,4.721736
Normal_CTTCTCTGTCTTCGTC-1,11.303415,8.083045
Normal_CTTGGCTAGCCCAGCT-1,11.193197,4.9944367
Normal_CTTGGCTCACATGTGT-1,9.334607,7.127173
Normal_CTTTGCGCAAGTAATG-1,8.686538,8.830748
Normal_CTTTGCGTCATGCAAC-1,11.723526,4.507612
Normal_CTTTGCGTCTAACGGT-1,10.354135,9.973544
Normal_GAAACTCAGAGGACGG-1,6.8007193,7.3949904
Normal_GAAACTCCATGCCCGA-1,10.723059,5.8941946
Normal_GAAACTCGTCGTCTTC-1,9.404636,6.392641
Normal_GAACATCTCAGATAAG-1,7.316184,7.25089
Normal_GAACATCTCCAAGTAC-1,11.427382,6.3081517
Normal_GAACCTAAGAGACTTA-1,9.191631,8.738345
Normal_GAACCTAAGTAATCCC-1,8.409637,9.186226
Normal_GAACCTATCAGCTTAG-1,11.571261,8.603459
Normal_GAAGCAGAGTGGTCCC-1,10.5638685,7.192231
Normal_GAATAAGTCACTGGGC-1,9.505906,8.032945
Normal_GACACGCCAAGAAGAG-1,11.040238,7.47127
Normal_GACACGCTCAACTCTT-1,10.685869,6.2231836
Normal_GACAGAGAGACTAAGT-1,11.395092,8.339298
Normal_GACAGAGAGACTTTCG-1,6.595972,7.2712345
Normal_GACAGAGCACTAGTAC-1,10.634894,6.7019215
Normal_GACAGAGGTAAGTGGC-1,10.181559,6.41691
Normal_GACAGAGGTGTCAATC-1,9.961764,10.20414
Normal_GACAGAGTCCTTTACA-1,11.673463,6.384148
Normal_GACCAATCAGTGGAGT-1,9.646716,8.66834
Normal_GACCTGGAGTGAAGTT-1,8.954313,7.6918864
Normal_GACCTGGGTTTAGCTG-1,11.211178,7.450019
Normal_GACCTGGTCTACCTGC-1,10.765295,4.3317003
Normal_GACGCGTAGTTGAGAT-1,10.754272,4.0597277
Normal_GACGGCTTCACAATGC-1,7.1854496,7.4489245
Normal_GACGTGCCAGTAAGAT-1,10.267378,10.111348
Normal_GACGTGCGTTAAGATG-1,10.51151,10.172285
Normal_GACGTGCTCCAAAGTC-1,6.7548985,7.6858764
Normal_GACGTTAAGGATGTAT-1,10.632294,6.231414
Normal_GACGTTAGTGAGGGTT-1,10.792495,6.6777606
Normal_GACTACAAGTCACGCC-1,9.857903,6.8740215
Normal_GACTACACAGGCAGTA-1,8.770528,7.38348
Normal_GACTACAGTAAGGATT-1,11.373533,8.106346
Normal_GACTGCGCAGGGAGAG-1,11.083391,6.474351
Normal_GAGCAGAAGGCTAGGT-1,10.179774,8.508601
Normal_GAGCAGACAAGGCTCC-1,11.016398,8.653084
Normal_GAGGTGAGTGTAACGG-1,10.616647,9.183633
Normal_GAGGTGATCTTGACGA-1,10.335693,6.5148816
Normal_GAGTCCGGTTCCATGA-1,11.053617,6.6338024
Normal_GATCAGTGTCAGAAGC-1,10.245909,8.350653
Normal_GATCGCGCACGAAACG-1,9.7516575,4.937635
Normal_GATCGCGGTGACGCCT-1,10.1928625,9.148887
Normal_GATCGCGTCTATGTGG-1,5.75293,6.6543694
Normal_GATCGTACAACTGGCC-1,10.2475,8.310207
Normal_GATCGTATCGGATGTT-1,10.86279,5.105346
Normal_GATCTAGCACATGACT-1,12.210648,4.4785037
Normal_GATGAAACACCCATGG-1,10.634046,9.221142
Normal_GATGAAAGTACTTCTT-1,6.908754,7.1328225
Normal_GATGAGGAGCGTCAAG-1,10.021138,5.5554338
Normal_GATGAGGAGTACTTGC-1,10.723391,4.304559
Normal_GATGCTACAGCATACT-1,8.925779,8.280531
Normal_GATTCAGCACTTAAGC-1,8.928502,5.425506
Normal_GCAAACTAGGGTATCG-1,9.746956,9.404102
Normal_GCAAACTTCGTCACGG-1,10.117158,8.9025545
Normal_GCAATCACACCTTGTC-1,11.060275,8.369668
Normal_GCACATAGTACCAGTT-1,7.4522977,7.574705
Normal_GCACATAGTACCGAGA-1,9.955435,7.915032
Normal_GCACATATCTCGCATC-1,11.0998,6.595508
Normal_GCACTCTAGACGCTTT-1,9.000457,3.873286
Normal_GCACTCTAGAGCTGGT-1,10.429167,9.67162
Normal_GCACTCTAGTGCCAGA-1,9.983236,5.2735214
Normal_GCACTCTCATGCCTTC-1,8.289584,7.5668616
Normal_GCAGCCACATTACGAC-1,10.026126,10.141823
Normal_GCAGTTAAGTGTTTGC-1,11.371923,5.325013
Normal_GCATACAAGTACATGA-1,10.836785,8.767856
Normal_GCATGATTCAACCAAC-1,9.6128235,6.2992167
Normal_GCATGCGAGCGATTCT-1,10.473037,6.6894913
Normal_GCATGCGAGTGACATA-1,10.598358,6.67397
Normal_GCATGCGGTATCACCA-1,8.952867,3.701525
Normal_GCATGCGTCGCATGGC-1,6.657804,7.1240034
Normal_GCATGCGTCGTTACAG-1,10.961807,7.3220086
Normal_GCATGTAAGACCCACC-1,8.972241,3.8490512
Normal_GCATGTAAGCCCTAAT-1,10.687278,9.616788
Normal_GCATGTAAGTGGTCCC-1,10.528881,-0.27207303
Normal_GCATGTACACGAGAGT-1,11.330139,7.197168
Normal_GCATGTAGTACAGACG-1,9.691955,7.0214095
Normal_GCATGTAGTTACGACT-1,10.31685,6.5170574
Normal_GCCAAATGTGGACGAT-1,8.965866,9.561137
Normal_GCGACCAGTAAATACG-1,6.3323455,7.2605867
Normal_GCGAGAACATGGTCAT-1,10.956408,5.555221
Normal_GCGCAACAGACTGGGT-1,10.019933,4.778844
Normal_GCGCAACCAATGCCAT-1,9.926094,6.642581
Normal_GCGCAGTAGATCCCGC-1,8.541279,8.2369375
Normal_GCGCCAAAGAAGATTC-1,8.407195,7.809468
Normal_GCGCCAAGTAGGAGTC-1,8.015257,7.2818403
Normal_GCGCCAATCTTTAGTC-1,9.41708,7.206526
Normal_GCGCGATGTATAAACG-1,9.55956,6.7581263
Normal_GCGGGTTAGGTGCAAC-1,10.016124,7.5472946
Normal_GCTCCTAGTGTGGCTC-1,9.656761,8.45908
Normal_GCTCTGTGTTACGGAG-1,12.54063,4.4384904
Normal_GGAAAGCAGAGAACAG-1,10.610907,8.901678
Normal_GGAAAGCAGATGGGTC-1,10.898003,4.679004
Normal_GGAACTTAGCCACCTG-1,11.015619,4.542068
Normal_GGAACTTGTCAGAATA-1,6.3547473,7.00711
Normal_GGAACTTTCTGAGTGT-1,12.532628,4.4514666
Normal_GGAATAAAGGTAGCTG-1,9.690121,9.047564
Normal_GGAATAAAGTTATCGC-1,7.8517656,8.105098
Normal_GGACAAGCACCACGTG-1,10.393892,6.9120665
Normal_GGACAAGTCTTTAGGG-1,6.0118165,6.8695607
Normal_GGACATTAGCCAGAAC-1,8.626675,8.273226
Normal_GGACATTGTAGCTGCC-1,8.458805,8.630977
Normal_GGACATTTCAGTTAGC-1,10.067397,4.1870823
Normal_GGACATTTCGTCACGG-1,7.234705,6.951021
Normal_GGAGCAAAGACTACAA-1,12.449256,4.4955554
Normal_GGAGCAAGTATCTGCA-1,12.471405,4.42023
Normal_GGAGCAATCTGCTGTC-1,9.801651,6.9378233
Normal_GGATGTTCAAGCGTAG-1,10.519715,8.862189
Normal_GGATGTTCAATGGTCT-1,10.734414,8.725411
Normal_GGATGTTTCTTATCTG-1,11.518789,7.7636323
Normal_GGCAATTGTAAATGTG-1,10.807336,8.1495695
Normal_GGCAATTGTTAGTGGG-1,9.759643,5.2865553
Normal_GGCGACTAGCTCCCAG-1,10.064192,5.710616
Normal_GGCGACTAGTTCGATC-1,9.692882,9.270024
Normal_GGCGACTGTTCCACAA-1,11.051571,8.024858
Normal_GGCGTGTCATATACCG-1,7.2101746,7.6284394
Normal_GGCTCGAAGTGATCGG-1,10.217513,6.2152805
Normal_GGCTCGAGTGGCGAAT-1,10.09287,6.2588434
Normal_GGCTCGATCAAGGTAA-1,10.19142,6.3573833
Normal_GGCTCGATCACAAACC-1,11.184356,5.1327844
Normal_GGCTGGTGTGCGCTTG-1,11.294002,5.6107287
Normal_GGGACCTCATCGGAAG-1,10.241241,8.249419
Normal_GGGACCTGTTAAAGAC-1,9.18299,7.802251
Normal_GGGAGATAGTGCCAGA-1,9.432316,6.754778
Normal_GGGATGAGTAAAGTCA-1,10.320239,8.523643
Normal_GGGATGATCAGCCTAA-1,9.794706,4.514225
Normal_GGGCACTAGTCTTGCA-1,9.4363365,7.5035076
Normal_GGGCATCAGGAGTAGA-1,8.897371,5.6427593
Normal_GGGCATCAGGTGCAAC-1,11.758562,6.4137855
Normal_GGGCATCTCTCGAGTA-1,11.517831,4.3895125
Normal_GGGCATCTCTGCGGCA-1,9.037104,5.0274215
Normal_GGGTCTGAGCACACAG-1,10.795876,6.0918055
Normal_GGGTCTGAGCGATCCC-1,10.035822,6.8235617
Normal_GGGTCTGTCTCTGTCG-1,-0.6197312,0.052292
Normal_GGTATTGAGGTCGGAT-1,10.537165,6.4977927
Normal_GGTATTGAGTGCCAGA-1,9.60719,7.7412047
Normal_GGTATTGCATGAAGTA-1,10.973075,4.5629354
Normal_GGTATTGGTAACGTTC-1,10.725696,5.443587
Normal_GGTATTGGTGGCCCTA-1,8.912087,6.78225
Normal_GGTATTGGTGGTCTCG-1,10.839272,6.5232697
Normal_GGTATTGGTTACGCGC-1,10.134511,9.624235
Normal_GGTATTGGTTTAAGCC-1,10.44606,9.920604
Normal_GGTGAAGAGTACGTAA-1,6.8145905,7.3482833
Normal_GGTGAAGCAAGCTGGA-1,8.482209,7.4068737
Normal_GGTGTTATCGTTTATC-1,8.749197,7.3378525
Normal_GTAACTGTCCGCGTTT-1,9.842862,6.4173126
Normal_GTACGTAGTATATCCG-1,10.827005,4.718872
Normal_GTACTCCAGTACGTTC-1,10.760536,6.3529196
Normal_GTACTCCGTGTTGGGA-1,11.849611,5.0456543
Normal_GTACTCCGTTCTGAAC-1,10.233717,6.140564
Normal_GTACTTTTCTGAAAGA-1,3.8551953,3.5706513
Normal_GTATCTTAGCAGGCTA-1,9.253635,9.120882
Normal_GTATCTTCAAGCCTAT-1,9.147338,7.8405704
Normal_GTATCTTCATCCGTGG-1,11.398467,6.0400305
Normal_GTATTCTAGGATGTAT-1,5.3458643,6.1268153
Normal_GTATTCTGTAACGCGA-1,6.893444,7.6045136
Normal_GTATTCTGTGAAAGAG-1,4.4623756,4.4771247
Normal_GTCAAGTAGTGTACGG-1,11.117402,5.3401074
Normal_GTCAAGTCACCAGTTA-1,5.346304,-1.1857275
Normal_GTCAAGTTCGGCGGTT-1,6.459797,7.011545
Normal_GTCACAAAGCCAGTTT-1,8.901509,8.623536
Normal_GTCACGGAGTCAATAG-1,7.672909,7.331869
Normal_GTCACGGAGTTGAGAT-1,10.440372,6.392624
Normal_GTCACGGTCATGGTCA-1,9.941068,8.172125
Normal_GTCACGGTCGATCCCT-1,8.959598,6.672546
Normal_GTCATTTGTCTCAACA-1,9.211841,9.5405855
Normal_GTCCTCAGTCTAGCGC-1,10.547571,7.499104
Normal_GTCGGGTCAGGCAGTA-1,9.761668,9.522877
Normal_GTCGGGTGTTGCGTTA-1,6.490541,7.2451205
Normal_GTCGTAAAGCTTTGGT-1,10.191116,9.493057
Normal_GTCGTAAAGGGATACC-1,10.299136,4.0523477
Normal_GTCGTAAAGTGCCATT-1,10.84784,7.3197694
Normal_GTCGTAATCTTCTGGC-1,9.062175,4.0208797
Normal_GTCGTAATCTTGTCAT-1,8.945929,5.1632876
Normal_GTGCAGCAGATGAGAG-1,10.234163,9.270268
Normal_GTGCAGCAGTGGAGTC-1,9.50787,9.947385
Normal_GTGCATAAGAGAGCTC-1,10.448384,8.923442
Normal_GTGCATAAGCTGCAAG-1,6.554499,7.217681
Normal_GTGCATACAATAGCGG-1,10.38351,7.28841
Normal_GTGCGGTCACAAGACG-1,9.985242,9.153705
Normal_GTGCTTCCACGGACAA-1,10.474242,8.681484
Normal_GTGCTTCTCATCACCC-1,10.6142025,5.5670857
Normal_GTGCTTCTCCCAACGG-1,9.784614,7.980408
Normal_GTGGGTCCATGTAAGA-1,9.434457,5.498945
Normal_GTGTGCGAGGTGCTAG-1,10.29824,6.349512
Normal_GTGTGCGGTTACCAGT-1,9.652525,9.659631
Normal_GTTAAGCCACAGTCGC-1,9.743449,9.23391
Normal_GTTACAGAGCACGCCT-1,10.720413,8.161835
Normal_GTTACAGCACTCAGGC-1,7.676307,8.043987
Normal_GTTACAGGTTGGAGGT-1,9.701992,9.294741
Normal_GTTACAGTCAAAGACA-1,11.016435,4.532791
Normal_GTTACAGTCGTAGGAG-1,10.298668,3.6427734
Normal_GTTCATTAGAGTAATC-1,10.00917,8.39758
Normal_GTTCGGGCACGTCTCT-1,11.898979,4.552446
Normal_GTTCTCGAGATGCCTT-1,10.298953,9.146415
Normal_GTTCTCGAGTGAATTG-1,10.118743,8.15272
Normal_GTTCTCGGTGCTCTTC-1,8.552648,8.71681
Normal_TAAGAGAAGTTTGCGT-1,11.053395,6.4905744
Normal_TAAGAGATCCGCGCAA-1,9.691623,4.4855137
Normal_TAAGCGTTCTGCAAGT-1,10.02968,7.059872
Normal_TAAGTGCTCCCTTGTG-1,6.6953344,6.981773
Normal_TACAGTGCATCTCCCA-1,11.320365,6.1465073
Normal_TACCTATCAAATACAG-1,8.706126,8.797719
Normal_TACCTATTCACAATGC-1,8.587914,9.171207
Normal_TACCTTAGTCTCTTTA-1,6.935854,7.255986
Normal_TACCTTAGTGTTTGGT-1,10.393032,10.295496
Normal_TACGGGCAGTAGGCCA-1,11.567075,6.005231
Normal_TACGGGCCATGGTCAT-1,5.843408,6.934153
Normal_TACGGGCGTAAGGATT-1,8.31619,8.984375
Normal_TACGGTAAGTGGTCCC-1,10.665913,9.905211
Normal_TACGGTACAAGCCGTC-1,8.946763,7.8359838
Normal_TACGGTATCCGTTGCT-1,10.120561,5.5079193
Normal_TACGGTATCGCGTAGC-1,9.370021,7.7677536
Normal_TACGGTATCTATCCTA-1,10.627536,10.016266
Normal_TACTCATAGATCCCAT-1,10.698521,8.153128
Normal_TACTCATGTGTCAATC-1,10.669174,8.537383
Normal_TACTCATGTTAGTGGG-1,9.24732,7.83439
Normal_TACTTACAGCTGTTCA-1,8.709695,9.32227
Normal_TACTTACAGTACTTGC-1,7.9680257,7.683444
Normal_TACTTACCAGACGCTC-1,5.2244673,6.1922355
Normal_TACTTACTCATTATCC-1,10.649188,4.140246
Normal_TACTTACTCGCTTAGA-1,10.225559,6.020949
Normal_TACTTGTGTTAAAGAC-1,10.49781,4.97043
Normal_TAGACCATCCAGATCA-1,8.083934,8.151389
Normal_TAGACCATCTGGTGTA-1,11.20591,7.479183
Normal_TAGGCATCAGCTGTGC-1,10.887807,4.9085736
Normal_TAGTTGGAGAGTAATC-1,10.188132,5.527792
Normal_TAGTTGGAGCTAAGAT-1,9.893585,7.647038
Normal_TAGTTGGCACCAGCAC-1,10.553286,4.873258
Normal_TAGTTGGCACTGTGTA-1,10.888497,8.018422
Normal_TAGTTGGGTTAAAGTG-1,10.925852,7.5468297
Normal_TAGTTGGTCTCTAGGA-1,8.955549,8.3269615
Normal_TATCAGGAGCCCTAAT-1,9.219274,8.387044
Normal_TATCAGGGTCTAGTCA-1,10.458562,6.9409537
Normal_TATCAGGGTGCAACTT-1,6.7661657,7.4201164
Normal_TATCAGGTCTCCTATA-1,6.3037577,7.5286055
Normal_TATCTCACAAGTAGTA-1,10.151683,7.4190464
Normal_TATCTCACAGAGCCAA-1,9.919292,4.333676
Normal_TATCTCAGTCTTCAAG-1,6.2554603,7.426999
Normal_TATGCCCGTCCTCTTG-1,10.17358,9.988079
Normal_TATGCCCGTCGAACAG-1,10.295877,6.887551
Normal_TATGCCCTCAGCTGGC-1,12.114401,4.4503374
Normal_TATTACCTCACTCTTA-1,9.683438,8.228771
Normal_TATTACCTCCTAAGTG-1,10.549784,4.0388327
Normal_TCAATCTAGGAACTGC-1,10.356535,5.304738
Normal_TCACGAAAGCAATATG-1,11.239479,5.8532705
Normal_TCACGAAAGCTGAACG-1,12.501944,4.428324
Normal_TCACGAAGTTGGGACA-1,8.415671,9.101858
Normal_TCACGAATCTCCTATA-1,10.687734,10.298346
Normal_TCACGAATCTGGTTCC-1,10.528029,7.252133
Normal_TCAGATGTCGGAAACG-1,7.187135,8.026728
Normal_TCAGCTCGTCGTGGCT-1,3.0200257,1.5054715
Normal_TCAGGATAGAGCAATT-1,10.320261,8.495638
Normal_TCAGGATAGGACCACA-1,9.642404,8.165057
Normal_TCAGGATCAAAGGAAG-1,10.379631,10.19449
Normal_TCAGGATGTTCTGTTT-1,11.431648,4.676234
Normal_TCAGGTACATCATCCC-1,9.615929,7.084351
Normal_TCATTACAGACAATAC-1,9.937319,9.008696
Normal_TCATTACCAGTGACAG-1,4.7430396,5.6527963
Normal_TCATTACTCAAACGGG-1,9.973058,8.280302
Normal_TCATTTGCAATGTAAG-1,10.269836,6.5060363
Normal_TCGAGGCAGATCGATA-1,8.960411,8.100186
Normal_TCGAGGCTCAACGGCC-1,11.435428,5.8428326
Normal_TCGCGTTAGAGCTATA-1,10.514628,5.237891
Normal_TCGCGTTCAAGCTGAG-1,10.55021,8.649534
Normal_TCGGGACAGAATGTTG-1,11.166016,6.1073847
Normal_TCGGTAACATGCGCAC-1,10.619181,9.60332
Normal_TCGTACCAGGATTCGG-1,9.448193,6.7690315
Normal_TCGTACCAGTATCTCG-1,10.237057,6.9075804
Normal_TCGTACCCAGTGACAG-1,11.0259495,4.679274
Normal_TCTATTGCAGTGGGAT-1,11.728699,7.9247055
Normal_TCTATTGGTTTAAGCC-1,11.712628,8.115383
Normal_TCTCATAAGTGTCCCG-1,9.896612,9.513565
Normal_TCTCATAGTGAGTATA-1,10.759993,7.6343822
Normal_TCTCATAGTTATTCTC-1,10.920575,6.7953672
Normal_TCTGAGATCCGTAGTA-1,9.026106,6.7865806
Normal_TCTGGAAAGGCCGAAT-1,9.739664,5.2786965
Normal_TCTGGAACAGTAGAGC-1,9.138913,6.878345
Normal_TCTTCGGTCCTAGGGC-1,11.301949,7.5142293
Normal_TCTTTCCAGCGATTCT-1,10.507209,5.158819
Normal_TCTTTCCAGCTATGCT-1,11.313201,5.285976
Normal_TGAAAGACACTCTGTC-1,10.190523,7.703062
Normal_TGAAAGATCACTTATC-1,10.745279,5.2742686
Normal_TGAAAGATCCTCGCAT-1,8.880614,7.1718206
Normal_TGACAACGTTCTGGTA-1,8.208474,8.988602
Normal_TGACGGCAGGAATCGC-1,9.708616,3.8102374
Normal_TGACGGCTCACCACCT-1,10.167542,4.3370304
Normal_TGACTAGGTTCGGGCT-1,10.620103,7.914459
Normal_TGACTTTAGGAATCGC-1,11.394498,4.5587945
Normal_TGACTTTGTTGCTCCT-1,11.4050865,5.8153434
Normal_TGACTTTTCATGTAGC-1,10.1055,9.300001
Normal_TGAGAGGAGTGTCCAT-1,10.728621,8.525648
Normal_TGAGCCGAGGGCATGT-1,10.315514,8.364305
Normal_TGAGGGAAGCGTAATA-1,8.486796,8.053927
Normal_TGAGGGATCGGCTTGG-1,8.656213,8.752025
Normal_TGCACCTAGGCTAGGT-1,6.64074,7.036875
Normal_TGCACCTCACGGACAA-1,8.881869,7.3416796
Normal_TGCACCTCAGGGTACA-1,11.431903,4.7161646
Normal_TGCACCTGTTGTGGCC-1,11.623178,6.4605784
Normal_TGCCAAACAAGGACTG-1,10.22221,9.222673
Normal_TGCCAAATCTAACTCT-1,11.737008,6.3334284
Normal_TGCCAAATCTTGAGGT-1,10.238619,5.4239516
Normal_TGCCCATGTCATGCAT-1,10.291387,10.11236
Normal_TGCCCATTCAGAAATG-1,10.78731,4.054234
Normal_TGCCCTAGTGTGAATA-1,6.8879843,7.8140817
Normal_TGCGCAGCAGTCACTA-1,8.180901,7.6568937
Normal_TGCGGGTCACCGAAAG-1,10.602483,8.636632
Normal_TGCGGGTTCGAGGTAG-1,6.755623,6.9931636
Normal_TGCGTGGAGCGATTCT-1,8.822462,8.539342
Normal_TGCGTGGAGTCGCCGT-1,8.662508,7.774933
Normal_TGCGTGGCATGCAACT-1,8.273199,7.2477584
Normal_TGCGTGGTCAGGCAAG-1,10.877254,4.6146812
Normal_TGCTGCTCAATCACAC-1,10.549678,9.3981695
Normal_TGGACGCAGCGTGTCC-1,8.002882,8.360379
Normal_TGGACGCCATCGGGTC-1,5.0987988,6.041146
Normal_TGGCCAGAGATATGCA-1,10.795991,4.5236254
Normal_TGGCCAGTCAAGGTAA-1,11.372536,5.7012463
Normal_TGGCGCATCATCGATG-1,8.180561,8.317744
Normal_TGGCGCATCTACTATC-1,9.362326,4.115183
Normal_TGGCTGGAGGTGTTAA-1,9.724939,8.771439
Normal_TGGCTGGTCTACTATC-1,11.528658,7.909813
Normal_TGGTTAGCACGTGAGA-1,6.8385167,7.2804956
Normal_TGGTTAGCATGGTTGT-1,9.751243,5.7168574
Normal_TGGTTAGTCGATCCCT-1,11.273433,4.803921
Normal_TGGTTCCCAGACGCTC-1,7.6445875,8.257653
Normal_TGTATTCTCAGCACAT-1,10.072603,5.841821
Normal_TGTCCCAGTGTGCCTG-1,5.104555,6.07512
Normal_TGTGGTATCGCGCCAA-1,9.543961,6.82162
Normal_TGTGGTATCTTAGCCC-1,10.853335,8.7513485
Normal_TGTGTTTAGACAAGCC-1,10.986436,6.589632
Normal_TGTGTTTGTAAGAGGA-1,8.573643,7.9288616
Normal_TGTGTTTTCATTGCGA-1,11.219079,4.402935
Normal_TGTTCCGAGATCCTGT-1,11.187679,9.140478
Normal_TGTTCCGGTCATGCCG-1,6.6771493,7.701194
Normal_TGTTCCGGTCTCTCGT-1,9.66125,7.9248757
Normal_TGTTCCGGTTGGACCC-1,10.5302,5.799379
Normal_TTAACTCGTGCTCTTC-1,10.043788,8.708916
Normal_TTAACTCTCAAGCCTA-1,10.0240755,9.870938
Normal_TTAACTCTCCAAACTG-1,10.061059,7.3520856
Normal_TTAGGACGTAAGTTCC-1,-2.1812482,-1.1709143
Normal_TTAGGCAAGAATCTCC-1,5.7564063,6.681095
Normal_TTAGGCAAGCCACTAT-1,10.562417,6.8122754
Normal_TTAGGCATCATCATTC-1,10.2692,10.447443
Normal_TTAGTTCCAACACGCC-1,8.57592,8.192816
Normal_TTATGCTAGAAGCCCA-1,10.346766,10.103434
Normal_TTATGCTAGGGTTTCT-1,11.651648,4.5645585
Normal_TTATGCTCAAGTTCTG-1,9.511219,6.820488
Normal_TTATGCTCATATGCTG-1,9.932571,5.6415715
Normal_TTATGCTTCCTTAATC-1,11.123869,8.440435
Normal_TTCGAAGCACGGCCAT-1,9.690914,8.794342
Normal_TTCGGTCGTCTAGAGG-1,10.282683,7.0884843
Normal_TTCGGTCTCCAGGGCT-1,6.571684,7.450964
Normal_TTCTACAAGCAGGCTA-1,4.2562394,4.8595724
Normal_TTCTCAAAGACACGAC-1,9.931396,6.423738
Normal_TTCTCCTAGCAGGTCA-1,11.430626,8.735972
Normal_TTCTCCTGTGTTTGTG-1,8.47082,8.489557
Normal_TTCTCCTTCATACGGT-1,11.205724,7.152353
Normal_TTCTTAGAGGGTATCG-1,8.788531,7.903438
Normal_TTCTTAGAGTTATCGC-1,11.388326,8.226791
Normal_TTCTTAGTCAGTTCGA-1,8.123326,8.735116
Normal_TTGAACGTCTCTAGGA-1,6.4301953,7.465856
Normal_TTGACTTTCCGAATGT-1,6.477226,6.969109
Normal_TTGACTTTCTCAACTT-1,10.48513,5.2498627
Normal_TTGCCGTCATTCCTCG-1,9.73783,8.234167
Normal_TTGCCGTTCAGTCAGT-1,9.244225,6.4986053
Normal_TTGCCGTTCCTAAGTG-1,10.851795,9.015233
Normal_TTGCGTCTCAGCGATT-1,7.3303742,7.8312216
Normal_TTGGAACCAGAAGCAC-1,7.1899834,7.7970557
Normal_TTGGAACGTCGCATAT-1,9.478843,9.72369
Normal_TTGGAACTCCGTCATC-1,9.944269,7.9718914
Normal_TTGTAGGCAGATGGGT-1,10.800923,9.960229
Normal_TTTACTGGTAGCGTGA-1,7.4273996,8.280959
Normal_TTTACTGGTCCGTGAC-1,10.491343,7.2665997
Normal_TTTACTGTCGGCTTGG-1,10.363728,7.3600626
Normal_TTTATGCTCAACTCTT-1,10.039289,7.20626
Normal_TTTATGCTCATGCTCC-1,10.183097,8.329235
Normal_TTTCCTCTCTGCAAGT-1,9.795011,10.073762
Normal_TTTGCGCTCCGTTGTC-1,10.626997,9.488081
Normal_TTTGCGCTCTTCATGT-1,11.533277,7.974997
Normal_TTTGGTTGTATCACCA-1,10.835609,9.987765
Normal_TTTGTCACATTATCTC-1,9.313763,5.552008
Normal_TTTGTCAGTCGGGTCT-1,9.99189,8.597779
Leukemia_AAACCTGCAACTGCTA-1,10.529866,-1.028973
Leukemia_AAACCTGGTAGGGTAC-1,9.829119,-3.7637742
Leukemia_AAACCTGTCATGCATG-1,9.529296,-1.7250952
Leukemia_AAACGGGAGGTTACCT-1,8.702628,-3.1286457
Leukemia_AAACGGGCAGGACCCT-1,3.9283602,2.5557358
Leukemia_AAACGGGGTATTCGTG-1,10.06027,-3.4085715
Leukemia_AAAGATGCAAGAAGAG-1,4.462318,4.281065
Leukemia_AAAGATGCAGTAACGG-1,9.725553,-1.2153519
Leukemia_AAAGATGCAGTCCTTC-1,-0.8311265,0.11931853
Leukemia_AAAGCAAAGACTAGGC-1,2.89768,1.4657265
Leukemia_AAAGCAAAGATGTCGG-1,8.98435,-3.7581189
Leukemia_AAAGTAGCAAGCTGTT-1,6.2642365,-1.7665157
Leukemia_AAAGTAGCACCCATGG-1,8.842652,-3.2919333
Leukemia_AAAGTAGGTTCCATGA-1,10.67422,-1.472546
Leukemia_AAATGCCAGATCACGG-1,10.503937,-3.0472047
Leukemia_AAATGCCAGCGCCTCA-1,2.9788897,1.3251821
Leukemia_AAATGCCAGTAATCCC-1,2.9227288,1.3666749
Leukemia_AAATGCCCATGAACCT-1,8.236615,-3.4329581
Leukemia_AACACGTGTATTACCG-1,0.9226516,0.801302
Leukemia_AACACGTGTTATCACG-1,8.17487,-2.7136729
Leukemia_AACCATGTCACAAACC-1,9.854704,-0.7318712
Leukemia_AACCGCGCACACCGAC-1,8.672062,-0.57710856
Leukemia_AACCGCGGTAAGTTCC-1,8.823126,-2.162342
Leukemia_AACCGCGGTACTTAGC-1,5.717428,-1.4339145
Leukemia_AACCGCGGTAGCTAAA-1,0.65545434,1.2429836
Leukemia_AACCGCGGTCTTGATG-1,2.8319943,1.7542987
Leukemia_AACGTTGAGCTAGGCA-1,9.350247,-1.8968953
Leukemia_AACGTTGCAGACAAGC-1,7.979405,-1.7562902
Leukemia_AACTCAGAGCCGTCGT-1,8.042022,-2.7606075
Leukemia_AACTCAGGTAAATGAC-1,9.923204,-3.869495
Leukemia_AACTCCCAGGGAAACA-1,8.474544,-0.3018492
Leukemia_AACTCTTAGAAACGAG-1,8.237198,-0.5427563
Leukemia_AACTCTTAGAAGGGTA-1,9.590837,-3.7989905
Leukemia_AACTCTTGTTACGGAG-1,-1.2315979,-0.37362543
Leukemia_AACTGGTGTACTCGCG-1,10.4637165,-2.0345964
Leukemia_AACTGGTGTCCAAGTT-1,9.126346,-2.0589423
Leukemia_AACTGGTTCACAACGT-1,9.644063,-3.2579734
Leukemia_AACTTTCTCGTCCAGG-1,9.687596,-1.965663
Leukemia_AAGACCTCACATTAGC-1,-1.7910973,0.65017223
Leukemia_AAGCCGCAGATGAGAG-1,1.1469015,0.26363924
Leukemia_AAGCCGCAGCAGACTG-1,9.908595,-3.805793
Leukemia_AAGGAGCGTCATATGC-1,3.9065063,5.8382316
Leukemia_AAGGAGCGTCGAGATG-1,-0.4226351,-0.5200317
Leukemia_AAGGCAGAGGTGCTAG-1,8.712511,-2.7949667
Leukemia_AAGGCAGGTAAGGATT-1,6.7618675,-1.5501959
Leukemia_AAGGCAGGTCCAGTGC-1,4.1464667,5.0283766
Leukemia_AAGGCAGGTCTCTCTG-1,8.583107,-2.919678
Leukemia_AAGGCAGGTGGTAACG-1,-1.2573836,-0.44854447
Leukemia_AAGGCAGTCTTGCATT-1,1.1608835,-0.06517229
Leukemia_AAGGTTCAGGCGACAT-1,3.172877,3.7321136
Leukemia_AAGGTTCGTCTGGAGA-1,7.933015,-2.6667576
Leukemia_AAGTCTGCAATTCCTT-1,0.7013548,0.23391765
Leukemia_AATCCAGCAAGGGTCA-1,5.491867,-1.1998526
Leukemia_ACACCCTAGGGTGTGT-1,-0.021047426,-0.040567096
Leukemia_ACACCCTCACATTAGC-1,3.0306416,1.2778352
Leukemia_ACACCCTCACCAGGCT-1,9.074949,-1.745098
Leukemia_ACACCCTCATCTGGTA-1,-1.6367257,-1.4022692
Leukemia_ACACCGGGTTGGTTTG-1,7.521667,-2.208753
Leukemia_ACACTGAAGACAAGCC-1,10.408977,-3.3889208
Leukemia_ACACTGAAGAGGGATA-1,10.392227,-1.7773958
Leukemia_ACACTGACACCAGGCT-1,1.5763081,0.69723696
Leukemia_ACACTGAGTTGTGGAG-1,3.8969674,4.3825245
Leukemia_ACAGCCGAGCCACGCT-1,-0.79636765,0.91031164
Leukemia_ACAGCTAAGTGGGATC-1,0.68720543,0.20018707
Leukemia_ACAGCTACAGGGTATG-1,9.541761,-2.5295413
Leukemia_ACAGCTATCCAGGGCT-1,8.207381,-1.4480634
Leukemia_ACATACGAGTAAGTAC-1,9.661345,-2.048389
Leukemia_ACATACGCAAGGTTTC-1,-1.7186862,-0.67611396
Leukemia_ACATACGCACCATGTA-1,7.060354,-1.5479162
Leukemia_ACATACGCAGCGATCC-1,3.0306954,3.5883372
Leukemia_ACATCAGTCAGGTAAA-1,6.3429418,-1.6576891
Leukemia_ACATGGTAGGTCATCT-1,3.4347074,3.6434355
Leukemia_ACATGGTGTACCGAGA-1,8.31445,-3.0846872
Leukemia_ACATGGTTCCAACCAA-1,4.0101185,2.6599436
Leukemia_ACCAGTAGTGACTCAT-1,10.48808,-1.8077466
Leukemia_ACCAGTATCGCGCCAA-1,8.430668,-2.2292264
Leukemia_ACCCACTGTACATCCA-1,-0.079703756,-0.03540755
Leukemia_ACCCACTTCTGTCAAG-1,-0.06135164,-0.19043368
Leukemia_ACCCACTTCTTGAGAC-1,3.3093462,3.6076338
Leukemia_ACCGTAACAACTTGAC-1,10.20011,-1.914677
Leukemia_ACCGTAAGTCTGATTG-1,2.5749745,1.7301072
Leukemia_ACCTTTACAAGTAATG-1,10.226163,-3.5237536
Leukemia_ACCTTTAGTGTGAAAT-1,9.096079,-0.7087486
Leukemia_ACGAGCCTCGCTTGTC-1,-1.3135653,-0.6135061
Leukemia_ACGAGGACACGTGAGA-1,6.3195257,-1.8382118
Leukemia_ACGAGGATCATGTCCC-1,10.063997,-1.739101
Leukemia_ACGATACAGCATCATC-1,-0.43992344,-0.40524122
Leukemia_ACGATGTGTCACCTAA-1,6.7100472,-1.7342695
Leukemia_ACGATGTGTGCCTGTG-1,0.42293096,0.3419071
Leukemia_ACGATGTTCGGATGTT-1,2.9048464,2.643294
Leukemia_ACGCCAGAGATGTTAG-1,-1.291105,0.19170456
Leukemia_ACGCCGACATCGACGC-1,10.015992,-1.2910631
Leukemia_ACGCCGAGTCTACCTC-1,8.366415,-2.4851508
Leukemia_ACGCCGAGTGTCAATC-1,-1.3581284,-1.2812814
Leukemia_ACGCCGATCAATACCG-1,-0.7699155,-1.4325184
Leukemia_ACGCCGATCGGACAAG-1,3.7953966,3.7376828
Leukemia_ACGGCCAAGTTATCGC-1,9.684998,-2.747946
Leukemia_ACGGGCTAGCGACGTA-1,8.555575,-3.312732
Leukemia_ACGGGCTAGCTAGCCC-1,5.5870304,-1.2591254
Leukemia_ACGGGCTAGTAACCCT-1,9.804024,-1.7360164
Leukemia_ACGGGCTGTCACACGC-1,3.088092,3.996087
Leukemia_ACTATCTAGGGAAACA-1,3.464966,3.7361503
Leukemia_ACTGAACTCTTACCTA-1,8.865558,-1.951422
Leukemia_ACTGAGTAGTGTTTGC-1,8.840113,-3.694755
Leukemia_ACTGCTCAGCTGGAAC-1,6.36413,-1.6671743
Leukemia_ACTGCTCCAACCGCCA-1,6.161796,-1.8388853
Leukemia_ACTGCTCCATTCACTT-1,6.454064,-1.6164924
Leukemia_ACTGCTCGTACATGTC-1,3.1345026,2.4662404
Leukemia_ACTTACTAGGCGATAC-1,9.525765,-3.1672719
Leukemia_ACTTGTTAGGACCACA-1,7.592986,-1.8940891
Leukemia_ACTTTCAAGCGTGAGT-1,-0.9587891,-0.041215
Leukemia_ACTTTCAAGGACCACA-1,-1.4743671,-1.0222762
Leukemia_ACTTTCATCCATGCTC-1,2.867379,3.8099482
Leukemia_ACTTTCATCCGCAGTG-1,9.654422,-1.8472302
Leukemia_AGAATAGTCGTTGCCT-1,1.9558262,1.5320714
Leukemia_AGACGTTAGCTAGTTC-1,7.732283,-0.94262236
Leukemia_AGACGTTCAATAGAGT-1,9.345161,-3.6998427
Leukemia_AGACGTTCACATGACT-1,10.924958,-2.04914
Leukemia_AGACGTTTCCCGGATG-1,-1.9080883,-0.7441118
Leukemia_AGAGCGACATACGCTA-1,9.708096,-1.0388254
Leukemia_AGAGCGACATATACCG-1,10.851618,-1.0965481
Leukemia_AGAGCGAGTTCCACTC-1,2.8937275,2.8835826
Leukemia_AGAGCGATCGTTACGA-1,4.217363,5.369621
Leukemia_AGAGCGATCTTTACGT-1,9.047753,-3.6933956
Leukemia_AGAGCTTCAACGCACC-1,0.61457914,1.2486217
Leukemia_AGAGCTTTCGCGGATC-1,1.4557259,0.6518881
Leukemia_AGAGTGGTCCTTAATC-1,-1.352749,-1.4746723
Leukemia_AGAGTGGTCGGGAGTA-1,9.560866,-2.339959
Leukemia_AGATCTGGTAAGGATT-1,9.195777,-2.9635391
Leukemia_AGATCTGGTCACCTAA-1,8.148119,-3.1342382
Leukemia_AGATCTGGTTCCACAA-1,3.0344393,3.7911782
Leukemia_AGATTGCAGAGACGAA-1,0.37274295,-0.21806347
Leukemia_AGATTGCGTAGCTTGT-1,9.436858,-1.6112813
Leukemia_AGCAGCCAGTAGCCGA-1,7.50617,-2.2612262
Leukemia_AGCAGCCTCTTGCAAG-1,10.342361,-2.733511
Leukemia_AGCATACCAGACGTAG-1,6.3975964,-1.8348653
Leukemia_AGCCTAAAGAATCTCC-1,10.927353,-0.96951497
Leukemia_AGCCTAAAGCCAGTTT-1,10.714064,-1.4104264
Leukemia_AGCCTAAAGCTAGCCC-1,9.469674,-3.8934972
Leukemia_AGCCTAACAGATTGCT-1,8.357252,-3.3792167
Leukemia_AGCCTAAGTTTCCACC-1,4.271216,3.8824158
Leukemia_AGCGGTCAGAGCTGCA-1,-0.71719617,0.0696732
Leukemia_AGCGGTCGTCGCGTGT-1,8.486552,-1.0546496
Leukemia_AGCGTATGTACTCAAC-1,8.445398,-1.7957444
Leukemia_AGCGTCGAGCACAGGT-1,3.6084104,3.6865551
Leukemia_AGCTCCTAGCATGGCA-1,0.0026680883,0.33394966
Leukemia_AGCTCCTTCCCTAATT-1,0.06747693,-0.5313607
Leukemia_AGCTCTCAGGGATGGG-1,3.7920923,4.0805864
Leukemia_AGCTCTCGTGTCTGAT-1,1.54839,1.402022
Leukemia_AGCTCTCTCACAATGC-1,10.669394,-2.3609357
Leukemia_AGCTTGAAGAGAACAG-1,2.9477375,3.1566875
Leukemia_AGGCCGTCACAGCCCA-1,-0.6970598,-0.30960098
Leukemia_AGGGAGTAGACAGACC-1,-2.4385805,-0.12662534
Leukemia_AGGGATGAGGGCATGT-1,10.182645,-1.536318
Leukemia_AGGGATGCACTTAACG-1,0.8845081,-0.27638233
Leukemia_AGGGATGGTCCAAGTT-1,4.180446,4.916944
Leukemia_AGGGTGAAGTACGTTC-1,8.309575,-1.8845601
Leukemia_AGGGTGACAAGTTCTG-1,8.75266,-2.433962
Leukemia_AGGGTGACACAGATTC-1,9.80384,-2.3423815
Leukemia_AGGGTGAGTGACGGTA-1,-0.2863697,-0.40782055
Leukemia_AGGTCCGTCCGAATGT-1,0.517314,1.2680943
Leukemia_AGTAGTCCACGAGAGT-1,3.2089653,2.2871916
Leukemia_AGTAGTCGTACAGTGG-1,2.147296,1.8356732
Leukemia_AGTCTTTGTAGTACCT-1,9.914834,-3.7801106
Leukemia_AGTCTTTTCGCTAGCG-1,4.110252,2.6704137
Leukemia_AGTGAGGCAGGACCCT-1,0.4969838,0.42178392
Leukemia_AGTGAGGTCTTAGCCC-1,8.269592,-1.0400574
Leukemia_AGTGGGAAGCTCCCAG-1,10.000201,-3.1222942
Leukemia_AGTGGGAAGGATGGAA-1,0.88628536,0.014472941
Leukemia_AGTGGGACATTATCTC-1,8.825572,-0.9524181
Leukemia_AGTGTCAGTTCGCTAA-1,3.4831502,2.748193
Leukemia_AGTTGGTTCACCGTAA-1,8.653253,-2.8564103
Leukemia_ATAACGCGTCAGAGGT-1,6.783692,-1.8195435
Leukemia_ATAACGCGTTCGTTGA-1,3.0619807,3.2558894
Leukemia_ATAACGCGTTGTTTGG-1,0.19687708,0.020159815
Leukemia_ATAAGAGAGAGACTTA-1,5.3450027,-1.3830166
Leukemia_ATAAGAGAGTAGTGCG-1,6.7768855,-1.6950436
Leukemia_ATAAGAGCAGATCGGA-1,-1.9563934,-1.1653026
Leukemia_ATCACGATCAGGCAAG-1,1.2141751,0.039309412
Leukemia_ATCACGATCTTAACCT-1,3.9298897,5.775142
Leukemia_ATCATCTAGTCAAGCG-1,9.127725,-2.7193453
Leukemia_ATCATGGAGCCCGAAA-1,7.0164576,-1.1003621
Leukemia_ATCCACCGTCAATGTC-1,-1.2989962,-1.3902011
Leukemia_ATCCGAAAGTTCGCAT-1,8.746827,-0.82088673
Leukemia_ATCCGAATCGAGAGCA-1,4.4111156,5.324918
Leukemia_ATCTACTCAAGCCCAC-1,8.704119,-0.8567396
Leukemia_ATCTACTCAGGGTACA-1,9.535802,-2.4478707
Leukemia_ATCTGCCCAATGGAGC-1,5.758874,-1.5403458
Leukemia_ATGAGGGAGTATCGAA-1,9.46861,-0.71415925
Leukemia_ATGAGGGGTCTACCTC-1,7.8592196,-2.6166933
Leukemia_ATGGGAGCAAGAAAGG-1,9.056608,-3.2737558
Leukemia_ATGTGTGTCGTACCGG-1,0.6844226,0.25783366
Leukemia_ATTACTCAGAGGTTGC-1,2.8359785,2.2829242
Leukemia_ATTACTCCAAGCCCAC-1,10.773464,-1.3494381
Leukemia_ATTACTCTCCGCAAGC-1,3.1976104,3.467234
Leukemia_ATTATCCCACATAACC-1,-0.6551429,-0.66374356
Leukemia_ATTATCCCAGTCCTTC-1,9.362855,-2.1667557
Leukemia_ATTGGACAGATGAGAG-1,-1.5871361,-0.66035396
Leukemia_ATTGGACAGTCCTCCT-1,10.503021,-2.4010983
Leukemia_ATTGGACTCACCTTAT-1,-0.9638232,-0.34164682
Leukemia_ATTTCTGCACGAGAGT-1,4.062283,4.093752
Leukemia_ATTTCTGGTTGATTGC-1,0.21535055,0.46701905
Leukemia_ATTTCTGTCCTGTACC-1,5.9123354,-1.3689724
Leukemia_ATTTCTGTCTGTTTGT-1,3.056332,1.2540464
Leukemia_CAACCAACAATCCGAT-1,9.265007,-2.0992024
Leukemia_CAACCAACACTTCGAA-1,7.883657,-2.088722
Leukemia_CAACCTCAGGTAAACT-1,10.080192,-3.3836324
Leukemia_CAACCTCAGTACATGA-1,10.2198715,-4.1974316
Leukemia_CAACCTCTCAGGCCCA-1,10.71311,-2.5738149
Leukemia_CAACTAGGTTTGACTG-1,4.019118,4.325321
Leukemia_CAAGAAACAATGACCT-1,3.9924924,5.8735576
Leukemia_CAAGAAACACGACTCG-1,-0.88707453,0.176426
Leukemia_CAAGAAACATCCCACT-1,10.433109,-2.956012
Leukemia_CAAGATCAGGATGGTC-1,-0.40445048,0.49111003
Leukemia_CAAGATCCAATACGCT-1,-0.3911018,0.34411904
Leukemia_CAAGATCTCCGCGGTA-1,8.317597,-3.1608303
Leukemia_CAAGATCTCCTGCAGG-1,8.467544,-3.2246902
Leukemia_CAAGGCCTCTTCATGT-1,-0.97461617,-0.15147714
Leukemia_CAAGTTGAGCCCAATT-1,9.561708,-3.026947
Leukemia_CAAGTTGAGTAATCCC-1,1.0236075,0.19158459
Leukemia_CAAGTTGCACTTACGA-1,2.7615418,2.4968991
Leukemia_CAAGTTGTCCCGACTT-1,6.6565156,-1.7957361
Leukemia_CACAAACCAAGCTGGA-1,0.42905563,0.27487358
Leukemia_CACAAACCACTGAAGG-1,8.550726,-0.60509926
Leukemia_CACAAACGTAAGTGGC-1,10.849914,-2.4169538
Leukemia_CACACAAAGTTACCCA-1,4.1946335,5.4295344
Leukemia_CACACCTTCGACGGAA-1,2.872064,3.8297002
Leukemia_CACACTCAGCGATTCT-1,9.812608,-0.92987597
Leukemia_CACACTCCACAGGTTT-1,10.521269,-3.521481
Leukemia_CACAGGCGTAAATGAC-1,1.0541413,1.0528084
Leukemia_CACAGGCTCCCATTAT-1,8.813387,-2.191799
Leukemia_CACAGTAAGACCCACC-1,8.344087,-2.1935418
Leukemia_CACAGTAAGGGCTTGA-1,0.35809657,-0.38811332
Leukemia_CACAGTACAGACTCGC-1,-1.803117,-1.4038861
Leukemia_CACAGTAGTAAATGAC-1,-0.527324,0.5264083
Leukemia_CACAGTAGTCAAAGCG-1,10.283648,-2.1330094
Leukemia_CACATAGCAAGCTGGA-1,2.959415,1.3337888
Leukemia_CACATAGCACACGCTG-1,-2.0484679,0.9366805
Leukemia_CACATAGCACTGTTAG-1,8.150662,-1.8131875
Leukemia_CACATTTAGCCGCCTA-1,10.450059,-3.5792673
Leukemia_CACCACTAGATGAGAG-1,10.591988,-1.3841642
Leukemia_CACCACTTCACTATTC-1,3.3566558,3.014182
Leukemia_CACCAGGAGTACGACG-1,-1.4623892,-0.5905006
Leukemia_CACCAGGCACGAAAGC-1,0.5379333,-0.7202006
Leukemia_CACCTTGGTCGAATCT-1,9.182588,-2.7370667
Leukemia_CACCTTGGTTACTGAC-1,-2.1198783,0.81756157
Leukemia_CACCTTGTCATCATTC-1,-0.8702262,0.029336499
Leukemia_CACTCCACAAGAAAGG-1,-2.1187108,0.42304894
Leukemia_CACTCCACAGGTGGAT-1,-0.024964672,-0.77861375
Leukemia_CACTCCACATGTAGTC-1,-0.40894482,-0.59973973
Leukemia_CAGAATCAGGCGACAT-1,2.540226,2.2889633
Leukemia_CAGAATCGTTCTGTTT-1,7.072828,-2.180998
Leukemia_CAGAATCTCGTACGGC-1,-1.6481808,0.9344612
Leukemia_CAGAGAGAGCAATATG-1,2.7078648,1.433874
Leukemia_CAGAGAGAGTCTTGCA-1,3.2607229,3.5736651
Leukemia_CAGAGAGCACATCCGG-1,-0.3828704,-0.39344433
Leukemia_CAGATCAAGAGACGAA-1,6.424571,-2.0653896
Leukemia_CAGCAGCCATAGAAAC-1,8.301306,-2.4720125
Leukemia_CAGCAGCGTGTCCTCT-1,10.279222,-3.7890942
Leukemia_CAGCAGCTCCATGCTC-1,5.420035,-1.2037268
Leukemia_CAGCATAGTACGACCC-1,8.536733,-0.8206282
Leukemia_CAGCCGATCTTTACGT-1,5.85071,-1.5694882
Leukemia_CAGCTAACATGTCCTC-1,10.255052,-3.811945
Leukemia_CAGCTGGGTAAATGTG-1,-2.1658745,-0.8321799
Leukemia_CAGGTGCGTACGAAAT-1,3.2048666,4.0160146
Leukemia_CAGGTGCTCATACGGT-1,8.877925,-3.380417
Leukemia_CAGGTGCTCCTTCAAT-1,-0.5704496,0.13219269
Leukemia_CAGTAACAGTTATCGC-1,3.4131827,3.3721929
Leukemia_CAGTAACGTGCAGGTA-1,-0.91226166,0.45693582
Leukemia_CAGTAACTCATTCACT-1,1.7216532,1.1177351
Leukemia_CAGTCCTTCTTGTACT-1,1.4706986,0.9938195
Leukemia_CATATGGCAATACGCT-1,9.955457,-2.512555
Leukemia_CATATGGTCGGCGGTT-1,8.514329,-0.9908335
Leukemia_CATCAAGAGCGTGTCC-1,-1.3365718,-1.5020542
Leukemia_CATCAGACATGCCACG-1,8.45153,-0.05598877
Leukemia_CATCCACGTTCACCTC-1,-2.4730206,-1.1946343
Leukemia_CATCCACTCATACGGT-1,10.299304,-4.193003
Leukemia_CATCGGGCAATACGCT-1,9.881482,-2.8972306
Leukemia_CATCGGGTCCAGGGCT-1,3.3551552,3.9364274
Leukemia_CATGACACAGATGAGC-1,0.06910091,-0.6090774
Leukemia_CATGACAGTGTTTGTG-1,11.0713825,9.19481
Leukemia_CATGACATCCAGAGGA-1,-1.8958842,-0.3920345
Leukemia_CATGCCTGTTCAGACT-1,7.938922,-2.4739714
Leukemia_CATGGCGCAAAGTGCG-1,7.7757998,-3.2885408
Leukemia_CATGGCGTCATCACCC-1,8.163281,-2.7765532
Leukemia_CATTATCGTCAGGACA-1,0.77904105,0.85008556
Leukemia_CATTCGCGTCAACATC-1,5.6734715,-1.3374826
Leukemia_CATTCGCGTCTGCCAG-1,1.8265969,1.465867
Leukemia_CATTCGCTCGGCGCTA-1,8.782363,-2.874701
Leukemia_CCACGGACAGAGCCAA-1,6.7897024,-1.247686
Leukemia_CCAGCGACAATGAATG-1,3.2341118,3.6930168
Leukemia_CCAGCGACACAGCGTC-1,7.9690747,-2.4689784
Leukemia_CCAGCGATCAACGGGA-1,6.053263,-1.523318
Leukemia_CCATGTCCATCCCACT-1,10.404505,-1.017712
Leukemia_CCATGTCTCAACCATG-1,10.129585,-4.1996512
Leukemia_CCATTCGGTCTCATCC-1,1.259992,1.2854369
Leukemia_CCCAATCTCACCACCT-1,-1.2388424,-0.5571374
Leukemia_CCCAGTTAGTCAATAG-1,9.614811,-2.104756
Leukemia_CCCAGTTCAGGTCGTC-1,-0.8454879,-0.61375827
Leukemia_CCCAGTTGTTGACGTT-1,5.778195,-1.2079979
Leukemia_CCCTCCTCACGCCAGT-1,8.589228,-0.27393636
Leukemia_CCCTCCTCATCACGTA-1,8.238488,-1.9642465
Leukemia_CCCTCCTGTTATCACG-1,7.476133,-1.3033942
Leukemia_CCGGGATCAATGTTGC-1,8.686369,-1.9722307
Leukemia_CCGTACTTCTGCGACG-1,3.0039368,1.2906674
Leukemia_CCGTGGAAGCATGGCA-1,2.9991188,3.7047193
Leukemia_CCGTGGACACGCTTTC-1,4.0589023,5.869736
Leukemia_CCGTGGATCATCGCTC-1,-2.279236,-0.64737666
Leukemia_CCGTTCAAGATGCCAG-1,9.353665,-4.093536
Leukemia_CCGTTCAGTTAGTGGG-1,3.125076,3.4005249
Leukemia_CCTAAAGAGTATCTCG-1,4.3564844,4.6021867
Leukemia_CCTAAAGGTCGCATAT-1,9.805715,-3.7109754
Leukemia_CCTAAAGTCTTATCTG-1,10.117493,-1.5565596
Leukemia_CCTACACAGATGTGGC-1,6.497099,-2.0763903
Leukemia_CCTACACAGCCACGTC-1,2.9674082,3.9519196
Leukemia_CCTACACCAGCGTCCA-1,-1.9466283,-0.15725364
Leukemia_CCTACACGTGCAGTAG-1,8.869706,-1.9235629
Leukemia_CCTACACTCAAACAAG-1,-0.71274483,-0.41261303
Leukemia_CCTACCAGTTCCGGCA-1,5.332357,-1.1884866
Leukemia_CCTAGCTAGAAGGACA-1,0.76664037,0.5599078
Leukemia_CCTATTAGTACAGTGG-1,-0.7636413,-0.81027997
Leukemia_CCTCTGAAGCACCGCT-1,-0.2100992,0.24667446
Leukemia_CCTCTGACACGAGAGT-1,-1.8666267,-0.29326475
Leukemia_CCTCTGACATGCGCAC-1,-1.1411852,-1.1997684
Leukemia_CCTTACGTCACAGTAC-1,9.492493,-2.5769763
Leukemia_CCTTCCCGTTATCGGT-1,9.471725,-1.144314
Leukemia_CGAACATAGACAAGCC-1,9.765285,-3.103564
Leukemia_CGAACATTCTGGCGAC-1,9.624041,-2.3396251
Leukemia_CGACTTCGTTTGTTGG-1,-2.3805392,-0.60791683
Leukemia_CGACTTCTCTGCAAGT-1,9.944517,-2.3333032
Leukemia_CGACTTCTCTGCAGTA-1,8.008827,-2.9163969
Leukemia_CGAGAAGAGAGCTGGT-1,-1.7741157,0.9533593
Leukemia_CGAGAAGCATCGGACC-1,8.716555,-3.419638
Leukemia_CGAGAAGGTCCAGTAT-1,10.192085,-2.148314
Leukemia_CGAGCACCACCTTGTC-1,-1.7880213,0.1522371
Leukemia_CGAGCACCAGACGTAG-1,0.209602,-0.3739091
Leukemia_CGAGCACGTTACGTCA-1,-1.0068016,-0.42250052
Leukemia_CGAGCCAAGGTGACCA-1,7.8511863,-2.7768385
Leukemia_CGAGCCAGTTAAGACA-1,10.180592,-2.210246
Leukemia_CGATCGGAGCTTATCG-1,6.3464603,-1.605971
Leukemia_CGATCGGCAATACGCT-1,-1.0721672,-0.3064148
Leukemia_CGATCGGGTCTTCTCG-1,1.7986201,1.509189
Leukemia_CGATCGGTCGCGATCG-1,8.496012,-3.2060974
Leukemia_CGATGGCCACTTAACG-1,-0.029168997,0.5380227
Leukemia_CGATGGCGTCCGAAGA-1,10.348706,-3.4902773
Leukemia_CGATTGAAGACACTAA-1,-1.1219084,-0.10916349
Leukemia_CGCCAAGTCAACACGT-1,-0.06690634,-0.42187667
Leukemia_CGCGGTAGTTACCGAT-1,3.0252564,2.9316761
Leukemia_CGCGGTATCACATAGC-1,5.459886,-1.2449428
Leukemia_CGCGTTTGTGTGACCC-1,9.775147,-4.0152507
Leukemia_CGCGTTTTCAGGTTCA-1,7.4531083,-1.9969808
Leukemia_CGCTATCCAACACGCC-1,10.114959,-2.2206166
Leukemia_CGCTGGAAGAGGTTAT-1,9.413365,-2.8599975
Leukemia_CGCTGGAGTAAGAGGA-1,7.5040812,-2.2616565
Leukemia_CGCTGGATCGCGGATC-1,1.2472079,0.3679316
Leukemia_CGCTTCATCCGCGCAA-1,9.654767,-3.7905443
Leukemia_CGGACACAGGCATGTG-1,-1.3707187,1.1876714
Leukemia_CGGACACAGTGCGTGA-1,-1.9925884,0.82349163
Leukemia_CGGACACCACTAGTAC-1,10.537165,-2.1771443
Leukemia_CGGACACGTGAAAGAG-1,6.5770497,-2.3614368
Leukemia_CGGACTGAGCGATAGC-1,10.309432,-1.0076659
Leukemia_CGGACTGGTGAGTGAC-1,9.428967,-0.8603226
Leukemia_CGGACTGTCCAGATCA-1,7.953216,-2.2234666
Leukemia_CGGAGCTTCTGAAAGA-1,-1.7701887,-0.57036734
Leukemia_CGGCTAGTCAGTACGT-1,10.785319,-2.6043737
Leukemia_CGGCTAGTCCAAATGC-1,4.0146885,4.568832
Leukemia_CGGCTAGTCGGTGTTA-1,8.396446,-1.8872943
Leukemia_CGGCTAGTCTGTCAAG-1,1.1296566,0.5211328
Leukemia_CGGGTCACAGTCGTGC-1,8.681106,-3.1511383
Leukemia_CGGGTCAGTTGGTTTG-1,0.6361756,-0.7133973
Leukemia_CGTAGCGAGAGTACAT-1,-2.2756178,-0.3326971
Leukemia_CGTAGCGCAACGATGG-1,8.062747,-2.8177843
Leukemia_CGTAGCGCATCGTCGG-1,10.184254,-3.028058
Leukemia_CGTAGCGTCAGAGGTG-1,-1.9945511,-0.5440801
Leukemia_CGTAGGCTCTCTAAGG-1,8.1948395,-2.4437447
Leukemia_CGTCACTCACCAGCAC-1,-2.0876122,-1.3386222
Leukemia_CGTCACTGTGAGTGAC-1,-0.7772678,-0.37474033
Leukemia_CGTCAGGAGGTACTCT-1,0.45724288,-0.48335287
Leukemia_CGTCCATCAAATTGCC-1,5.3403797,-1.4334939
Leukemia_CGTCCATGTCTTCAAG-1,8.201118,-3.262375
Leukemia_CGTCCATTCCTTGCCA-1,4.07254,4.76385
Leukemia_CGTCTACAGACACTAA-1,8.786524,-1.2580602
Leukemia_CGTGAGCGTAGTAGTA-1,3.2873995,1.1559768
Leukemia_CGTGAGCGTCCGCTGA-1,10.425433,-0.73459136
Leukemia_CGTGTCTCATTCCTGC-1,9.364613,-3.0915806
Leukemia_CGTTAGAAGTTGAGAT-1,0.33790258,-0.5981572
Leukemia_CGTTAGACACCTATCC-1,9.90757,-1.5923033
Leukemia_CGTTAGATCTGCCAGG-1,9.51351,-4.0359864
Leukemia_CGTTGGGAGGCGCTCT-1,10.650434,-2.1357954
Leukemia_CGTTGGGAGTTCGATC-1,8.608621,-2.10638
Leukemia_CTAACTTCAACTGCGC-1,9.684316,-1.8784883
Leukemia_CTAACTTTCTCGTATT-1,6.4436064,-1.3764486
Leukemia_CTAAGACAGAGTAATC-1,-0.812832,-0.2575406
Leukemia_CTAAGACCATGCCTTC-1,0.05261114,-0.34922746
Leukemia_CTACACCCACTTAAGC-1,8.809496,-3.2728586
Leukemia_CTACATTAGATATGGT-1,-1.1772856,-1.5008394
Leukemia_CTACATTCAACTTGAC-1,10.921565,-1.9202337
Leukemia_CTACATTCATGCCTAA-1,3.4659963,3.2805307
Leukemia_CTACCCATCCCAAGTA-1,-1.428004,-0.2913961
Leukemia_CTACGTCCACCTATCC-1,-1.500423,0.8113956
Leukemia_CTACGTCTCAGTCAGT-1,10.420381,-4.04887
Leukemia_CTAGAGTAGTCATCCA-1,8.838335,-2.602831
Leukemia_CTAGCCTCAAGCCTAT-1,-0.60595065,-0.63119984
Leukemia_CTAGCCTCAGTGAGTG-1,0.51498103,-0.49578008
Leukemia_CTAGCCTGTGATAAGT-1,2.2415054,1.9579239
Leukemia_CTAGTGAAGTGGACGT-1,1.1959052,-0.03353321
Leukemia_CTAGTGATCGTTTATC-1,10.722981,-1.5885911
Leukemia_CTAGTGATCTTTAGTC-1,8.829095,-1.20574
Leukemia_CTCACACAGTCGTACT-1,3.4225543,4.0053163
Leukemia_CTCACACCAAAGTGCG-1,8.398079,-1.9021028
Leukemia_CTCACACTCTCATTCA-1,8.790148,-0.22969322
Leukemia_CTCAGAACATTCACTT-1,0.97760737,0.9807005
Leukemia_CTCATTACACAGAGGT-1,9.72406,-2.086708
Leukemia_CTCATTATCGCGCCAA-1,8.723884,-3.7708287
Leukemia_CTCATTATCGTCCGTT-1,8.255889,-3.1789415
Leukemia_CTCCTAGTCAACGCTA-1,10.53629,-0.8195839
Leukemia_CTCGAAAAGACACGAC-1,-0.908138,-0.41354224
Leukemia_CTCGAAAAGAGGTTGC-1,0.722543,1.2909861
Leukemia_CTCGAAAAGTAATCCC-1,-2.047039,0.36889002
Leukemia_CTCGAAACAGTCCTTC-1,9.585769,-2.1357245
Leukemia_CTCGAAACATATGGTC-1,2.991474,1.2901075
Leukemia_CTCGAGGAGTATCTCG-1,3.2922485,4.1356225
Leukemia_CTCGGAGTCACGATGT-1,9.812909,-3.4141474
Leukemia_CTCGGGACATTAGGCT-1,-1.9147881,0.70208824
Leukemia_CTCGGGATCTCTGAGA-1,9.063907,-1.9572233
Leukemia_CTCGTACAGAAGAAGC-1,8.366992,-2.786607
Leukemia_CTCGTACGTGCAGACA-1,-2.1241333,-0.33890942
Leukemia_CTCGTACGTGGCTCCA-1,8.382035,-0.8750243
Leukemia_CTCGTCATCCGCAAGC-1,5.848307,-1.3762933
Leukemia_CTCGTCATCTTAGCCC-1,9.606852,-1.5856923
Leukemia_CTCTAATAGGCACATG-1,8.558094,-2.4717832
Leukemia_CTCTAATCAGTCAGCC-1,9.953655,-2.5114067
Leukemia_CTCTAATGTTGTTTGG-1,8.884889,-3.9429204
Leukemia_CTCTACGAGCTGTCTA-1,9.547832,-1.8527235
Leukemia_CTCTACGGTACCCAAT-1,9.107589,-3.5719066
Leukemia_CTCTACGGTCCGACGT-1,10.282894,-2.102011
Leukemia_CTCTACGGTGGTACAG-1,8.915652,-2.4448464
Leukemia_CTCTACGTCAGTTAGC-1,0.62539285,1.4133492
Leukemia_CTCTGGTAGGGATACC-1,2.8460877,2.940847
Leukemia_CTCTGGTCAGCTGTGC-1,-0.8664419,0.33992976
Leukemia_CTCTGGTTCCCAGGTG-1,8.6620655,-0.35294527
Leukemia_CTCTGGTTCGGCTTGG-1,10.379175,-2.1462924
Leukemia_CTGAAACTCGTGACAT-1,6.138342,-1.491239
Leukemia_CTGAAGTCACCGGAAA-1,-0.28685707,-0.6860497
Leukemia_CTGAAGTTCCGCGCAA-1,10.411317,-1.8726629
Leukemia_CTGAAGTTCTTGACGA-1,8.794389,-3.8978715
Leukemia_CTGATAGAGACAGACC-1,5.5156207,-1.311598
Leukemia_CTGATAGAGAGCTTCT-1,10.317656,-0.6980862
Leukemia_CTGATAGAGTCCCACG-1,10.396897,-2.1005595
Leukemia_CTGATAGTCCATTCTA-1,0.9162772,0.87260675
Leukemia_CTGATAGTCTCGGACG-1,6.5049767,-1.6341853
Leukemia_CTGATCCAGACAGAGA-1,2.6516645,2.1953619
Leukemia_CTGATCCCAAAGGAAG-1,9.65164,-2.9336326
Leukemia_CTGATCCGTGACCAAG-1,8.051998,-3.378951
Leukemia_CTGCCTAAGTAGGCCA-1,8.980307,-2.8946028
Leukemia_CTGCCTAGTACTCGCG-1,-1.22642,-0.34267837
Leukemia_CTGCCTAGTTCCACTC-1,8.47865,-2.9332063
Leukemia_CTGCGGAGTCTCAACA-1,3.550018,2.9726336
Leukemia_CTGCTGTAGATCTGAA-1,7.8993654,-1.0292392
Leukemia_CTGCTGTAGGGCATGT-1,7.02687,-1.9233859
Leukemia_CTGGTCTCATCACCCT-1,1.9602792,1.7631232
Leukemia_CTGGTCTGTACAAGTA-1,8.167373,-2.2027564
Leukemia_CTGGTCTTCCTTGGTC-1,10.809801,-2.6432185
Leukemia_CTGTGCTTCTCTGCTG-1,-1.7789446,0.7256069
Leukemia_CTGTTTACAAGGACAC-1,2.611031,2.4911797
Leukemia_CTGTTTATCCTAGGGC-1,4.082609,4.031236
Leukemia_CTGTTTATCTGATACG-1,10.273021,-4.088758
Leukemia_CTTAACTCAACTGGCC-1,1.2797387,0.4982727
Leukemia_CTTAACTCAGGTTTCA-1,9.244843,-2.8952296
Leukemia_CTTACCGAGTCCGGTC-1,2.9509904,3.8188035
Leukemia_CTTACCGTCAACCATG-1,9.610162,-3.0638843
Leukemia_CTTAGGAAGAGTGACC-1,-2.3538606,-1.1809053
Leukemia_CTTAGGAAGCCGGTAA-1,5.5112743,-1.2660285
Leukemia_CTTAGGAAGGCAATTA-1,6.260868,-1.7128507
Leukemia_CTTCTCTAGATGGGTC-1,-1.0560611,0.1933391
Leukemia_CTTCTCTCACCGGAAA-1,7.9827795,-1.9521576
Leukemia_CTTGGCTTCTGTTTGT-1,-1.7080368,-0.6958804
Leukemia_CTTTGCGAGGCACATG-1,7.585313,-1.5092541
Leukemia_CTTTGCGCAGTGGGAT-1,1.328889,0.21870871
Leukemia_CTTTGCGGTCCGCTGA-1,0.89768875,-0.16760077
Leukemia_GAAACTCTCGCATGGC-1,6.7745905,-2.488617
Leukemia_GAAATGAAGTTACGGG-1,10.014842,-2.5814404
Leukemia_GAACGGAGTAAGAGAG-1,-1.3608158,-0.052959573
Leukemia_GAACGGAGTAAGTAGT-1,8.533508,-0.35647026
Leukemia_GAACGGAGTATAGGGC-1,3.9047077,5.8717465
Leukemia_GAACGGAGTTAAGTAG-1,8.496127,-2.9157648
Leukemia_GAACGGATCTGACCTC-1,6.1608534,-1.5884017
Leukemia_GAAGCAGCAAACGCGA-1,0.5834549,0.27285558
Leukemia_GAAGCAGCAAGCGAGT-1,3.9524581,4.690083
Leukemia_GAATAAGGTTCTGGTA-1,8.991788,-2.9764743
Leukemia_GAATGAACACCGATAT-1,7.61112,-0.98200715
Leukemia_GACACGCCAGATCTGT-1,8.377012,-2.902177
Leukemia_GACAGAGAGACACGAC-1,3.544756,3.8708367
Leukemia_GACAGAGAGCCACCTG-1,-1.3287249,-0.68371075
Leukemia_GACAGAGAGCCCTAAT-1,8.636623,-2.7578194
Leukemia_GACAGAGAGCTAGTGG-1,3.3545935,3.6188173
Leukemia_GACAGAGCACTGTTAG-1,8.319718,-2.620996
Leukemia_GACCAATTCCAAGCCG-1,-1.067477,-1.6527665
Leukemia_GACCAATTCTCGATGA-1,-2.3673491,-0.38960662
Leukemia_GACCAATTCTTTCCTC-1,10.736035,-2.520616
Leukemia_GACCTGGAGATGGGTC-1,6.0227275,-1.5350485
Leukemia_GACCTGGAGTTCCACA-1,3.9288812,5.8210487
Leukemia_GACCTGGTCCGCAAGC-1,7.9102526,-2.444041
Leukemia_GACGCGTGTCTTCGTC-1,10.474473,-3.259829
Leukemia_GACGGCTGTAAGGATT-1,3.5870242,3.3785863
Leukemia_GACGGCTTCAGCCTAA-1,8.846531,-2.8001533
Leukemia_GACGGCTTCAGCGACC-1,4.245133,5.7111773
Leukemia_GACGTGCTCGCACTCT-1,-2.4118192,-0.40611154
Leukemia_GACGTTAAGAATCTCC-1,4.4917974,5.572502
Leukemia_GACTAACAGAGACTTA-1,-1.8251941,0.4495905
Leukemia_GACTAACGTCTCCACT-1,9.839143,-3.1066697
Leukemia_GACTGCGAGACAAGCC-1,2.483314,2.1042988
Leukemia_GACTGCGTCCTCGCAT-1,-2.2012591,-1.2574501
Leukemia_GAGCAGAGTGTGACGA-1,10.020148,-2.670947
Leukemia_GAGGTGACATTAGGCT-1,7.8085675,-2.6060374
Leukemia_GAGGTGAGTCGCGAAA-1,10.217064,-2.4661465
Leukemia_GAGTCCGAGACTAAGT-1,4.0877037,5.6838226
Leukemia_GAGTCCGAGATGCGAC-1,10.212763,9.45862
Leukemia_GAGTCCGAGTCTCCTC-1,1.2629627,1.0421792
Leukemia_GATCAGTAGACTAGGC-1,10.086916,-3.1839237
Leukemia_GATCAGTCATCACAAC-1,5.54351,-1.3675289
Leukemia_GATCAGTTCGTTTATC-1,8.8346195,-2.854626
Leukemia_GATCGATGTACCTACA-1,-2.5047865,-1.2285789
Leukemia_GATCGCGGTCCTCTTG-1,9.144268,-0.4486008
Leukemia_GATCGTACACAGTCGC-1,7.7358074,-1.6274174
Leukemia_GATCGTATCAACCATG-1,8.930031,-3.1068382
Leukemia_GATCGTATCCACGACG-1,-0.89872855,-0.5044049
Leukemia_GATCTAGAGATGTCGG-1,9.3222475,-2.630422
Leukemia_GATCTAGGTATATCCG-1,-0.90254587,-0.080994196
Leukemia_GATGAAAAGAACTGTA-1,3.9084423,3.6858163
Leukemia_GATGAAATCACATGCA-1,-1.9408427,0.027715564
Leukemia_GATGAAATCATCTGTT-1,2.2664626,2.1534731
Leukemia_GATGAAATCGTTTGCC-1,-2.1741817,-0.62975484
Leukemia_GATGCTACACCTCGTT-1,10.395483,-3.7315917
Leukemia_GATGCTACAGCTGCTG-1,9.806616,-2.4109213
Leukemia_GATGCTATCGTCCAGG-1,10.6055,-1.9193892
Leukemia_GATTCAGAGCATGGCA-1,-1.2298421,0.83201265
Leukemia_GATTCAGGTGTATGGG-1,-2.1240246,-0.16134791
Leukemia_GCAAACTTCTTTACGT-1,0.9893821,0.15687013
Leukemia_GCAATCAGTGTGAATA-1,8.307968,-1.103337
Leukemia_GCACATAAGCTCAACT-1,0.0095683625,-0.17691608
Leukemia_GCACATAAGTGACTCT-1,9.421716,-3.2603476
Leukemia_GCACTCTGTATGAATG-1,6.5248246,-1.6956053
Leukemia_GCACTCTGTTAAGAAC-1,1.254575,0.9168574
Leukemia_GCAGCCATCAGCAACT-1,2.9545283,1.8708192
Leukemia_GCATACAAGAACTCGG-1,0.5773738,0.053135205
Leukemia_GCATGATAGATGTAAC-1,10.392542,-2.8877854
Leukemia_GCATGCGAGACTACAA-1,1.496952,0.80740666
Leukemia_GCATGCGAGTGGTAGC-1,-0.77914816,-0.73730904
Leukemia_GCATGCGTCCTTCAAT-1,1.8467313,1.2819214
Leukemia_GCATGTACAGCTGCTG-1,2.1504376,1.352938
Leukemia_GCATGTAGTCTAAACC-1,-0.8479425,0.711896
Leukemia_GCATGTAGTCTGCAAT-1,8.129828,-3.2279992
Leukemia_GCCTCTACAGCTTCGG-1,1.2791286,0.10170403
Leukemia_GCCTCTACATTTGCCC-1,-0.4425434,0.3726726
Leukemia_GCCTCTAGTTTGTGTG-1,8.203142,-2.165247
Leukemia_GCGAGAAGTGGCTCCA-1,9.268858,-3.277544
Leukemia_GCGAGAATCCGCAAGC-1,0.365782,-0.48836654
Leukemia_GCGCAGTCATCTCGCT-1,8.198378,-3.1041992
Leukemia_GCGCAGTGTGCCTGGT-1,2.892695,3.8923764
Leukemia_GCGCAGTGTGCGAAAC-1,-0.738509,-0.4161183
Leukemia_GCGCCAAAGACATAAC-1,8.576927,-3.009113
Leukemia_GCGCCAACAGATGGCA-1,9.196766,-2.6832175
Leukemia_GCGCCAAGTCGAACAG-1,0.8638265,1.3495889
Leukemia_GCGCCAATCATCTGCC-1,-2.339563,-0.21984036
Leukemia_GCGCCAATCATCTGTT-1,7.7243094,-0.5895349
Leukemia_GCGCCAATCATGCAAC-1,4.0638113,4.604292
Leukemia_GCGCGATAGGGTTTCT-1,10.764718,-2.2522044
Leukemia_GCGGGTTGTCATATCG-1,10.339098,-2.4331076
Leukemia_GCGGGTTGTTCTGAAC-1,9.002164,-3.15356
Leukemia_GCTCTGTCAGCGTCCA-1,8.723118,-2.1567364
Leukemia_GCTCTGTTCATGCAAC-1,9.674366,-2.9195638
Leukemia_GCTGCAGTCACCAGGC-1,7.9707804,-2.8734686
Leukemia_GCTGCAGTCAGTCCCT-1,10.522129,-2.6227624
Leukemia_GCTGCAGTCCATGAAC-1,8.461193,-0.95041853
Leukemia_GCTTCCACAGGATTGG-1,-2.1543224,0.03659313
Leukemia_GCTTGAAGTATAATGG-1,-1.3755814,-1.385916
Leukemia_GCTTGAAGTCTCACCT-1,7.956924,-3.1267397
Leukemia_GCTTGAAGTCTCCCTA-1,-0.29682565,-1.1692857
Leukemia_GCTTGAAGTGGCAAAC-1,8.399734,-0.9367433
Leukemia_GCTTGAAGTGTGAAAT-1,3.942389,5.5599713
Leukemia_GGAAAGCAGACTAGGC-1,3.9463074,5.841972
Leukemia_GGAAAGCAGAGTAATC-1,7.811299,-1.6611773
Leukemia_GGAAAGCGTGTAATGA-1,8.303588,-0.7713452
Leukemia_GGAACTTGTCCGTGAC-1,1.0942096,-0.015011122
Leukemia_GGAACTTTCGTACGGC-1,8.553089,-2.454823
Leukemia_GGACAAGGTGCACGAA-1,7.74689,-2.3685453
Leukemia_GGACATTAGCGTTGCC-1,-1.9550563,-0.41973844
Leukemia_GGACATTAGTGCAAGC-1,7.7798214,-2.2055533
Leukemia_GGACATTGTGAGGGTT-1,10.764822,-1.2651606
Leukemia_GGACATTGTGCGAAAC-1,9.773608,-2.1211662
Leukemia_GGACGTCCAAATCCGT-1,4.494076,5.265104
Leukemia_GGACGTCCAATGTAAG-1,-1.4903306,0.6252887
Leukemia_GGAGCAAAGTGCCAGA-1,10.4818945,-3.309841
Leukemia_GGAGCAAAGTGTTTGC-1,8.435581,-0.68249273
Leukemia_GGAGCAACACATGGGA-1,-1.5942081,-0.42990962
Leukemia_GGAGCAACATATGAGA-1,5.409691,-1.3068551
Leukemia_GGATGTTGTGAAATCA-1,9.501831,-2.5887058
Leukemia_GGATTACTCCGCGTTT-1,8.093521,-0.28736207
Leukemia_GGATTACTCGCTTGTC-1,-1.249245,-0.22648326
Leukemia_GGCAATTAGAGTCTGG-1,9.622841,-2.5233796
Leukemia_GGCCGATCATAGTAAG-1,-0.24423453,0.35754976
Leukemia_GGCGACTCAGCGTCCA-1,0.30237198,0.21462749
Leukemia_GGCGACTGTTCTGTTT-1,0.63642544,-0.28230503
Leukemia_GGCGACTTCTGTTTGT-1,8.636273,-2.688727
Leukemia_GGCGTGTGTCCTAGCG-1,9.964094,-4.096604
Leukemia_GGCTCGAGTGGTTTCA-1,4.2968016,5.132061
Leukemia_GGCTGGTAGAACTGTA-1,10.526763,-0.83822465
Leukemia_GGCTGGTCACTGCCAG-1,10.6568365,-2.0860016
Leukemia_GGCTGGTGTAGCCTCG-1,3.1326272,2.7365901
Leukemia_GGCTGGTGTCAGAAGC-1,2.4612453,1.4172001
Leukemia_GGGAATGAGGCTCTTA-1,4.323833,5.3360605
Leukemia_GGGAATGCAGGATCGA-1,8.852914,-2.6515298
Leukemia_GGGAATGTCGTAGGTT-1,7.8796268,-2.593505
Leukemia_GGGAATGTCGTATCAG-1,5.2735896,-1.3351594
Leukemia_GGGACCTCAGACGCAA-1,-1.4394007,-0.48168853
Leukemia_GGGAGATGTGCCTGTG-1,8.726409,-0.8734433
Leukemia_GGGATGACACTTGGAT-1,-1.5330802,-1.3658841
Leukemia_GGGATGATCGTACGGC-1,0.45726448,0.81818783
Leukemia_GGGATGATCTCCTATA-1,4.2455196,3.8563824
Leukemia_GGGCACTCATAAGACA-1,3.0361538,3.9882247
Leukemia_GGGCATCCAAGTAGTA-1,10.597142,-1.541664
Leukemia_GGGTCTGAGAGGACGG-1,3.9672778,3.0449486
Leukemia_GGGTCTGTCTCGGACG-1,0.087199494,0.7643038
Leukemia_GGTATTGCAGTGACAG-1,9.313564,-2.4223983
Leukemia_GGTATTGCATTCACTT-1,8.614765,-0.284882
Leukemia_GGTGAAGCACGTCAGC-1,-2.042655,-0.5467781
Leukemia_GGTGAAGCATATGCTG-1,-1.3116605,-1.0861498
Leukemia_GGTGAAGGTACGCTGC-1,3.1542065,3.4154124
Leukemia_GGTGAAGTCGATCCCT-1,-2.4941347,-1.1255137
Leukemia_GGTGTTAAGCTACCTA-1,6.9083486,-2.0072186
Leukemia_GGTGTTAGTACGCTGC-1,10.5467,-2.4028494
Leukemia_GGTGTTATCGCCTGAG-1,-0.17741778,-0.4482187
Leukemia_GTAACGTCACGGCGTT-1,-1.2359076,1.1302489
Leukemia_GTAACGTCATAAAGGT-1,9.901497,-2.141739
Leukemia_GTAACGTTCGCCCTTA-1,8.290918,-0.37925306
Leukemia_GTAACTGAGACTTGAA-1,2.8457983,2.8544064
Leukemia_GTAACTGGTTACGGAG-1,7.9522967,-2.8658202
Leukemia_GTAACTGTCCTGCCAT-1,-0.07444279,-0.21881323
Leukemia_GTACGTAAGACAGACC-1,9.145386,-3.8015263
Leukemia_GTACGTAGTGATAAAC-1,5.367275,-1.2459772
Leukemia_GTACTCCCAATGTAAG-1,8.834221,-2.27311
Leukemia_GTACTTTAGGTCATCT-1,7.456492,-2.4449916
Leukemia_GTACTTTGTGCCTGGT-1,7.5242667,-1.282629
Leukemia_GTACTTTTCCAATGGT-1,10.241084,-3.1153708
Leukemia_GTAGGCCCACGTGAGA-1,4.227653,3.7483263
Leukemia_GTAGTCAGTACAGCAG-1,-1.460813,0.94682807
Leukemia_GTATCTTTCTCATTCA-1,3.4054894,3.3775668
Leukemia_GTATTCTCAGATGGCA-1,3.635818,4.112676
Leukemia_GTCAAGTCAAGTCATC-1,4.38267,4.0383453
Leukemia_GTCAAGTCATTAGGCT-1,-1.3147943,-0.98652875
Leukemia_GTCACAAAGACTTGAA-1,3.3728845,3.094197
Leukemia_GTCACAAAGGTGCAAC-1,9.513791,-3.572191
Leukemia_GTCACAATCAGTTTGG-1,-0.23240562,0.31883925
Leukemia_GTCACGGAGATCCGAG-1,9.040333,-3.4740443
Leukemia_GTCACGGCAAGGTGTG-1,8.651428,-0.88896054
Leukemia_GTCACGGCACGAAGCA-1,8.68348,-0.53155476
Leukemia_GTCACGGTCATTCACT-1,6.353629,-1.6099648
Leukemia_GTCATTTAGAAACCAT-1,10.188083,-0.86387825
Leukemia_GTCATTTCAACAACCT-1,10.496211,-2.7502925
Leukemia_GTCATTTTCGGTCTAA-1,10.091859,-4.055375
Leukemia_GTCCTCACAATCGGTT-1,-0.30027118,0.3736353
Leukemia_GTCCTCACATCCGCGA-1,-1.5899826,-0.067926645
Leukemia_GTCGGGTTCCTGCCAT-1,10.490971,-2.084599
Leukemia_GTCGGGTTCGACCAGC-1,3.0016036,3.1092055
Leukemia_GTCGTAACAACACCCG-1,8.12072,-3.3636973
Leukemia_GTCGTAAGTCATACTG-1,9.952705,-3.265636
Leukemia_GTCTCGTTCTGCTTGC-1,10.48457,-0.8333646
Leukemia_GTCTTCGCAATCTACG-1,-0.36772785,-1.1738414
Leukemia_GTCTTCGTCACATGCA-1,9.793183,-2.124052
Leukemia_GTGAAGGGTGAGTGAC-1,3.9781506,2.7660198
Leukemia_GTGCAGCGTCAATGTC-1,-1.6118296,0.6705381
Leukemia_GTGCATAAGTTGCAGG-1,3.0863488,2.359474
Leukemia_GTGCATAGTTCGAATC-1,4.0071526,2.7085695
Leukemia_GTGCGGTAGGAGTACC-1,9.416212,-1.9781638
Leukemia_GTGCTTCCAATGGATA-1,3.6022594,4.2175107
Leukemia_GTGGGTCTCAGTGTTG-1,-2.0117114,-0.30378282
Leukemia_GTGGGTCTCCATGAGT-1,-2.1644294,0.7324013
Leukemia_GTGTGCGAGTGGGATC-1,8.923085,-3.3436701
Leukemia_GTGTGCGCAAATCCGT-1,-1.740658,-0.18279639
Leukemia_GTGTGCGCAGTATAAG-1,3.68938,4.459365
Leukemia_GTGTGCGGTGTGAAAT-1,3.4175975,2.621506
Leukemia_GTGTTAGCATGGTAGG-1,6.4570107,-1.726517
Leukemia_GTGTTAGGTTGGAGGT-1,-2.3019555,-1.0875497
Leukemia_GTTAAGCAGGCTAGCA-1,9.859896,-1.7284336
Leukemia_GTTACAGGTAGAGCTG-1,10.091802,-0.8216573
Leukemia_GTTACAGGTCTTCTCG-1,1.5894908,0.8964969
Leukemia_GTTCATTAGACCTTTG-1,4.307298,3.8951712
Leukemia_GTTCATTGTATCACCA-1,10.583394,-2.1473045
Leukemia_GTTCATTGTGGCTCCA-1,2.8095205,1.2912278
Leukemia_GTTCGGGAGCAGCCTC-1,9.606829,-3.251536
Leukemia_GTTCTCGAGTGAAGTT-1,-1.9539372,-0.45223045
Leukemia_GTTCTCGGTTCAGCGC-1,-1.8830382,-0.9648958
Leukemia_GTTTCTAAGGGATACC-1,3.4029582,3.183748
Leukemia_GTTTCTACACCTTGTC-1,9.873246,-1.7354244
Leukemia_TAAACCGAGGACATTA-1,-0.0016090781,-0.82294905
Leukemia_TAAACCGAGGATCGCA-1,6.8059134,-2.4724584
Leukemia_TAAGAGAAGTCGTACT-1,3.1851926,4.075822
Leukemia_TAAGAGATCACCACCT-1,10.240347,-2.819263
Leukemia_TAAGCGTGTTATCGGT-1,3.9661095,5.8513126
Leukemia_TAAGCGTTCTCTAAGG-1,9.737416,-3.1446867
Leukemia_TAAGTGCAGGCACATG-1,-1.0468931,-1.5544245
Leukemia_TAAGTGCGTGTCGCTG-1,-0.84192246,0.20487623
Leukemia_TACACGAAGGAGTCTG-1,8.533333,-0.8359055
Leukemia_TACACGACATTGGCGC-1,3.976078,4.5178814
Leukemia_TACAGTGAGGGTCGAT-1,4.0622134,5.7221003
Leukemia_TACAGTGAGTCCTCCT-1,1.0244018,0.9109695
Leukemia_TACCTATTCACCCTCA-1,9.766114,-2.0682528
Leukemia_TACCTTAGTAACGACG-1,-2.2125938,-0.99163646
Leukemia_TACGGATAGCTAGTCT-1,4.009475,5.786672
Leukemia_TACGGATCAATAAGCA-1,9.740862,-1.7465422
Leukemia_TACGGATGTCCGAGTC-1,0.50260216,-0.61528873
Leukemia_TACGGGCTCAGGCAAG-1,9.905174,-3.2985966
Leukemia_TACGGGCTCCAACCAA-1,-1.0427477,0.2040655
Leukemia_TACTCGCTCCCTAATT-1,8.583029,-0.81996953
Leukemia_TACTTGTCACAAGACG-1,10.009766,-2.8015893
Leukemia_TACTTGTTCTCGAGTA-1,8.015748,-3.1361387
Leukemia_TAGAGCTCATGCCTAA-1,3.8213983,4.3419876
Leukemia_TAGCCGGGTCGCATCG-1,11.468557,8.609706
Leukemia_TAGGCATAGCCAGAAC-1,9.776686,-3.5550587
Leukemia_TAGGCATCACATGTGT-1,4.2595177,5.1825485
Leukemia_TAGGCATCAGGAACGT-1,10.444345,-2.586239
Leukemia_TAGTTGGCAGCTTCGG-1,0.5964843,1.1046286
Leukemia_TAGTTGGCATCCCATC-1,-2.1105814,-0.17326492
Leukemia_TATCTCAAGACGCACA-1,0.020852577,-0.71532786
Leukemia_TATCTCACAAAGGTGC-1,9.988608,-3.0497057
Leukemia_TATCTCACAGCTCCGA-1,10.226674,-2.8789413
Leukemia_TATCTCAGTTGCGTTA-1,-2.2178428,-0.8177447
Leukemia_TATGCCCAGCGTTTAC-1,0.8113685,0.33490765
Leukemia_TATGCCCAGTGTCCCG-1,-1.7708672,-0.2709009
Leukemia_TATGCCCCACCGTTGG-1,3.810685,6.0074105
Leukemia_TATGCCCGTCACCCAG-1,-2.5134945,-1.1604353
Leukemia_TATGCCCTCAGGTTCA-1,-0.7552425,-1.374953
Leukemia_TCAACGACAAGCCATT-1,-1.7886606,0.6822917
Leukemia_TCAACGACACAACTGT-1,9.659444,-2.355828
Leukemia_TCAACGAGTTAAGGGC-1,-1.3786092,0.98701143
Leukemia_TCAACGAGTTGGTAAA-1,-2.3073256,0.325391
Leukemia_TCAATCTCATGTCGAT-1,1.4084151,0.5361083
Leukemia_TCAATCTCATTGGTAC-1,-2.3170705,-0.24858013
Leukemia_TCACAAGAGCAGATCG-1,8.441076,-2.9472444
Leukemia_TCACAAGGTCACACGC-1,-1.6206481,-0.81522495
Leukemia_TCACGAAAGCCTTGAT-1,8.982336,-0.5306325
Leukemia_TCACGAACAATCACAC-1,10.25374,-1.7508266
Leukemia_TCACGAACATAGAAAC-1,10.422756,-1.9917966
Leukemia_TCACGAAGTTTAGCTG-1,10.7613735,-2.312783
Leukemia_TCAGATGAGCTCTCGG-1,7.2953105,-1.7447318
Leukemia_TCAGATGCAAAGGAAG-1,8.115915,-2.8283567
Leukemia_TCAGATGCAGACGTAG-1,8.359755,-3.2769077
Leukemia_TCAGCAAAGGCTCTTA-1,9.007674,-2.0673754
Leukemia_TCAGCAAAGTAGTGCG-1,2.7163918,2.383208
Leukemia_TCAGCAATCACTTACT-1,3.3005948,3.8060935
Leukemia_TCAGCTCCACGAAGCA-1,10.820785,-1.925794
Leukemia_TCAGCTCGTGGTTTCA-1,9.127352,-3.3057842
Leukemia_TCAGCTCTCTGCTGTC-1,9.830307,-1.0526154
Leukemia_TCAGGATCACGAAGCA-1,9.754312,-2.815479
Leukemia_TCAGGTAAGAAGAAGC-1,9.427722,-3.3112075
Leukemia_TCAGGTAAGAATGTTG-1,2.6210794,2.7189822
Leukemia_TCAGGTACAGCCACCA-1,10.542465,-0.60712385
Leukemia_TCAGGTATCACGACTA-1,-0.9688729,-0.4368951
Leukemia_TCAGGTATCTTGACGA-1,10.679741,-2.1823094
Leukemia_TCATTTGCACACTGCG-1,6.499908,-1.4764073
Leukemia_TCATTTGTCGGCTTGG-1,9.296151,-3.7138066
Leukemia_TCCACACAGGTTCCTA-1,2.7846508,2.8653188
Leukemia_TCGAGGCGTCTCCACT-1,10.641723,-2.251481
Leukemia_TCGCGAGGTCAGTGGA-1,4.2072663,5.093834
Leukemia_TCGCGTTCATTCCTCG-1,9.783115,-2.7147577
Leukemia_TCGTACCAGGGTGTGT-1,9.671876,-1.7019641
Leukemia_TCGTACCCAGTCAGCC-1,9.747056,-2.2880025
Leukemia_TCGTACCCATCCAACA-1,0.7213286,0.044420954
Leukemia_TCGTACCGTACTTAGC-1,9.708603,-1.6153736
Leukemia_TCGTACCTCATGTCTT-1,-0.14229725,-0.75100577
Leukemia_TCGTAGAGTTGTTTGG-1,7.3296437,-2.1258862
Leukemia_TCGTAGATCGCTTGTC-1,8.823463,-2.2258918
Leukemia_TCTATTGCAATCCGAT-1,10.617232,-1.0333283
Leukemia_TCTATTGTCACGACTA-1,9.352422,-0.7568477
Leukemia_TCTATTGTCCAGAAGG-1,3.7322237,4.0767612
Leukemia_TCTGAGAAGATATGCA-1,-1.1560984,0.63738054
Leukemia_TCTGAGAGTTAGAACA-1,10.370149,-2.8015115
Leukemia_TCTGGAACAATAACGA-1,2.965631,3.8529716
Leukemia_TCTGGAATCTGGTGTA-1,2.9128203,3.5629141
Leukemia_TCTTCGGGTTTAGCTG-1,4.2624555,5.7741904
Leukemia_TGACAACCAATGAATG-1,8.101559,-2.2231517
Leukemia_TGACAACCATCCTAGA-1,-0.7240387,-0.47574732
Leukemia_TGACAACTCGGAGCAA-1,3.8299005,2.5466404
Leukemia_TGACAACTCTGGGCCA-1,8.530071,-2.2192917
Leukemia_TGACAACTCTTTCCTC-1,4.182253,4.033691
Leukemia_TGACGGCAGGCCCTTG-1,4.419635,4.5001664
Leukemia_TGACGGCAGTGGTCCC-1,10.242958,-2.316381
Leukemia_TGACTAGCAAGCCATT-1,4.085233,5.7556186
Leukemia_TGACTAGTCAAGGCTT-1,9.826652,-2.8441772
Leukemia_TGACTAGTCATAACCG-1,3.859941,5.879321
Leukemia_TGACTTTAGACGACGT-1,9.157905,-3.0120206
Leukemia_TGACTTTAGCCCTAAT-1,9.432212,-3.2285082
Leukemia_TGACTTTCAACGATGG-1,-1.2059647,1.0862741
Leukemia_TGACTTTTCACTTCAT-1,9.030906,-2.336075
Leukemia_TGAGAGGTCAGGTTCA-1,0.46952334,1.1672236
Leukemia_TGAGCCGAGGCATTGG-1,10.235884,-2.5652654
Leukemia_TGAGCCGAGTTGTAGA-1,-0.5604845,0.6015601
Leukemia_TGAGGGACAACTGCTA-1,-1.7798764,-1.2884488
Leukemia_TGATTTCAGTCTCCTC-1,-1.2452469,0.32217658
Leukemia_TGATTTCGTAAATACG-1,8.6214485,-3.7515323
Leukemia_TGATTTCGTGTGGTTT-1,9.452267,-3.4204738
Leukemia_TGATTTCTCTTCGAGA-1,-2.0963588,0.8658146
Leukemia_TGCACCTAGCGTCAAG-1,1.5954869,1.1275889
Leukemia_TGCACCTGTACTTGAC-1,8.890298,-0.27346358
Leukemia_TGCACCTTCTAACCGA-1,0.14351216,-0.91313076
Leukemia_TGCCAAAGTCGGCACT-1,4.5654483,4.265301
Leukemia_TGCCAAATCCAGATCA-1,-0.0422775,-0.6114233
Leukemia_TGCCCATAGCGATCCC-1,8.36354,-1.653523
Leukemia_TGCCCATAGTCTCAAC-1,9.230801,-2.533841
Leukemia_TGCCCATCAAACGTGG-1,7.2129703,-1.2184176
Leukemia_TGCCCTAAGAGCTGCA-1,8.4865465,-2.4000218
Leukemia_TGCCCTAAGGCCGAAT-1,3.1067498,4.1679506
Leukemia_TGCCCTACACGACGAA-1,10.722346,-1.3072593
Leukemia_TGCCCTAGTAGTACCT-1,9.768518,-2.0527594
Leukemia_TGCGCAGAGGATGCGT-1,2.9925506,3.866902
Leukemia_TGCGCAGAGGCGCTCT-1,9.715815,-2.7815025
Leukemia_TGCGCAGCACGGTAGA-1,9.280538,-3.2034392
Leukemia_TGCGGGTAGACTGGGT-1,-1.8013719,0.9703041
Leukemia_TGCGGGTTCTCCCTGA-1,7.8614535,-2.5495553
Leukemia_TGCTACCTCAATAAGG-1,11.007538,-1.2184873
Leukemia_TGCTGCTAGTGTCCCG-1,9.956537,-2.6663764
Leukemia_TGCTGCTTCCAGAGGA-1,9.475833,-2.7194488
Leukemia_TGGACGCGTGAACCTT-1,8.086875,-2.6825552
Leukemia_TGGACGCTCACCATAG-1,9.579538,-0.8646977
Leukemia_TGGACGCTCGGCTACG-1,4.1800375,2.5732384
Leukemia_TGGCCAGAGCGTAGTG-1,-0.01242079,0.7377735
Leukemia_TGGCCAGTCAACACTG-1,8.762056,-2.2333806
Leukemia_TGGCCAGTCACATGCA-1,-0.026106292,0.021346603
Leukemia_TGGCTGGAGGACACCA-1,10.624346,-0.94895977
Leukemia_TGGGAAGAGAAGGGTA-1,8.451133,-3.1151507
Leukemia_TGGTTAGTCCCACTTG-1,-1.9151754,0.31113088
Leukemia_TGGTTCCAGCGGCTTC-1,10.790338,-2.076337
Leukemia_TGGTTCCGTTGAACTC-1,10.712406,-2.975259
Leukemia_TGTATTCAGCAGCCTC-1,10.165525,-3.9853077
Leukemia_TGTATTCAGCCGATTT-1,9.230495,-3.425608
Leukemia_TGTATTCAGTGTACGG-1,4.2769976,3.839226
Leukemia_TGTATTCCAGATGAGC-1,2.3985689,1.5332993
Leukemia_TGTATTCGTTACAGAA-1,10.106638,-3.6635523
Leukemia_TGTATTCTCGATAGAA-1,-1.8063732,0.10438956
Leukemia_TGTGGTATCCTTGACC-1,7.472434,-2.7806728
Leukemia_TGTGGTATCCTTGCCA-1,9.060424,-3.377757
Leukemia_TGTGTTTCAGGTGCCT-1,-1.3083589,-0.23257475
Leukemia_TGTGTTTTCCTAAGTG-1,-1.947712,0.8631398
Leukemia_TGTTCCGAGCGATAGC-1,2.7067833,2.4526885
Leukemia_TGTTCCGAGCTACCGC-1,2.1714242,1.4904876
Leukemia_TGTTCCGCAGGCTGAA-1,-1.3483711,-0.6881458
Leukemia_TGTTCCGGTCTAACGT-1,10.173632,-2.7305088
Leukemia_TTAACTCTCCAAACTG-1,-1.7639465,-1.419474
Leukemia_TTAACTCTCTGCTGCT-1,-1.3242419,-0.18739443
Leukemia_TTAGGACCAAGCCATT-1,10.063117,-1.609042
Leukemia_TTAGGACCAGTTCATG-1,10.521628,-0.6131494
Leukemia_TTAGGACGTTAAGACA-1,9.301558,-2.113599
Leukemia_TTAGGACTCCATGCTC-1,8.749529,-0.21351166
Leukemia_TTAGGCACACAGTCGC-1,0.47183487,-0.6534504
Leukemia_TTAGTTCAGACACTAA-1,4.020834,5.7365904
Leukemia_TTAGTTCAGGCGCTCT-1,4.1163735,4.6650267
Leukemia_TTAGTTCCAGAAGCAC-1,8.517138,-2.5082085
Leukemia_TTCCCAGTCTCCAGGG-1,9.243252,-2.9232256
Leukemia_TTCGAAGCAGTGGGAT-1,7.6883936,-2.62131
Leukemia_TTCGGTCAGTCCTCCT-1,3.1324704,3.735375
Leukemia_TTCGGTCCACATGTGT-1,2.887365,1.4470476
Leukemia_TTCTACAAGACGCAAC-1,7.854439,-2.0304656
Leukemia_TTCTACACACAGATTC-1,2.3465247,2.1923504
Leukemia_TTCTACAGTGGCAAAC-1,8.781415,-1.3033555
Leukemia_TTCTACAGTTCACCTC-1,8.749353,-2.2800903
Leukemia_TTCTCAACATGCCCGA-1,9.002392,-0.2760288
Leukemia_TTCTCAAGTGGAAAGA-1,-1.4377252,1.1345332
Leukemia_TTCTCAATCTATCCCG-1,8.556728,-3.2357647
Leukemia_TTCTCCTAGTGGAGTC-1,-0.574922,0.13108145
Leukemia_TTCTCCTCACTTGGAT-1,-0.96388745,-1.3861787
Leukemia_TTCTTAGCAGTCGATT-1,10.392067,-2.6420915
Leukemia_TTGAACGCATGACATC-1,8.204796,-2.5272791
Leukemia_TTGAACGCATGGAATA-1,-0.29769906,0.36162585
Leukemia_TTGACTTAGTAGGCCA-1,2.904794,3.811525
Leukemia_TTGACTTGTACGCACC-1,-0.92523986,-1.5398043
Leukemia_TTGACTTGTAGGCTGA-1,-0.2808543,0.082064256
Leukemia_TTGACTTGTGCAGACA-1,4.4079156,4.0303903
Leukemia_TTGCCGTCACGGTAGA-1,-1.9739587,0.88267094
Leukemia_TTGCGTCCACCGGAAA-1,9.44447,-1.9490458
Leukemia_TTGCGTCTCTTACCGC-1,4.301041,3.950193
Leukemia_TTGTAGGGTCAGCTAT-1,3.9897413,3.724604
Leukemia_TTTACTGTCGTTGACA-1,-0.3511763,0.7394308
Leukemia_TTTACTGTCTTCCTTC-1,-0.26122847,0.38425305
Leukemia_TTTATGCAGCTATGCT-1,9.247828,-2.4778745
Leukemia_TTTATGCGTAAACCTC-1,9.950418,-1.4387807
Leukemia_TTTATGCGTCATGCCG-1,9.723302,-1.5383749
Leukemia_TTTATGCGTTTACTCT-1,1.4107151,1.2917242
Leukemia_TTTATGCTCTCAAACG-1,8.357025,-3.053641
Leukemia_TTTGCGCGTGAAATCA-1,9.093772,-2.9811013
